type,column,group_key,baseline_method,baseline_value,bad_direction
A,Head_Temp,PKG_A|RCP_1,mentor_target,42.0,up
A,Vibration,PKG_A|RCP_1,opcond_OK_median,0.1539,up
A,Alignment_Time,PKG_A|RCP_1,opcond_OK_median,0.3993,up
A,Process_Time,PKG_A|RCP_1,opcond_OK_median,5.005,up
A,Cooling_Flow,PKG_A|RCP_1,opcond_OK_median,10.003,down
A,Cooling_Water_Temp,PKG_A|RCP_1,opcond_OK_median,22.001,up
A,Coating_Flow,PKG_A|RCP_1,opcond_OK_median,49.996,down
A,Groove_Depth,PKG_A|RCP_1,opcond_OK_median,44.9853,down
A,Head_Temp,PKG_A|RCP_2,mentor_target,42.0,up
A,Vibration,PKG_A|RCP_2,opcond_OK_median,0.1545,up
A,Alignment_Time,PKG_A|RCP_2,opcond_OK_median,0.4007,up
A,Process_Time,PKG_A|RCP_2,opcond_OK_median,5.001,up
A,Cooling_Flow,PKG_A|RCP_2,opcond_OK_median,9.999,down
A,Cooling_Water_Temp,PKG_A|RCP_2,opcond_OK_median,22.0015,up
A,Coating_Flow,PKG_A|RCP_2,opcond_OK_median,50.023,down
A,Groove_Depth,PKG_A|RCP_2,opcond_OK_median,44.99895,down
A,Head_Temp,PKG_A|RCP_3,mentor_target,42.0,up
A,Vibration,PKG_A|RCP_3,opcond_OK_median,0.15485,up
A,Alignment_Time,PKG_A|RCP_3,opcond_OK_median,0.4001,up
A,Process_Time,PKG_A|RCP_3,opcond_OK_median,5.001,up
A,Cooling_Flow,PKG_A|RCP_3,opcond_OK_median,9.997,down
A,Cooling_Water_Temp,PKG_A|RCP_3,opcond_OK_median,21.9925,up
A,Coating_Flow,PKG_A|RCP_3,opcond_OK_median,49.986,down
A,Groove_Depth,PKG_A|RCP_3,opcond_OK_median,44.99445,down
A,Head_Temp,PKG_A|RCP_4,mentor_target,42.0,up
A,Vibration,PKG_A|RCP_4,opcond_OK_median,0.15475,up
A,Alignment_Time,PKG_A|RCP_4,opcond_OK_median,0.40115,up
A,Process_Time,PKG_A|RCP_4,opcond_OK_median,5.003,up
A,Cooling_Flow,PKG_A|RCP_4,opcond_OK_median,9.9965,down
A,Cooling_Water_Temp,PKG_A|RCP_4,opcond_OK_median,21.9925,up
A,Coating_Flow,PKG_A|RCP_4,opcond_OK_median,50.0145,down
A,Groove_Depth,PKG_A|RCP_4,opcond_OK_median,44.9828,down
A,Head_Temp,PKG_A|RCP_5,mentor_target,42.0,up
A,Vibration,PKG_A|RCP_5,opcond_OK_median,0.15525,up
A,Alignment_Time,PKG_A|RCP_5,opcond_OK_median,0.4002,up
A,Process_Time,PKG_A|RCP_5,opcond_OK_median,5.005,up
A,Cooling_Flow,PKG_A|RCP_5,opcond_OK_median,9.9975,down
A,Cooling_Water_Temp,PKG_A|RCP_5,opcond_OK_median,21.991,up
A,Coating_Flow,PKG_A|RCP_5,opcond_OK_median,50.007,down
A,Groove_Depth,PKG_A|RCP_5,opcond_OK_median,44.9946,down
A,Head_Temp,PKG_A|RCP_6,mentor_target,42.0,up
A,Vibration,PKG_A|RCP_6,opcond_OK_median,0.1549,up
A,Alignment_Time,PKG_A|RCP_6,opcond_OK_median,0.3997,up
A,Process_Time,PKG_A|RCP_6,opcond_OK_median,5.001,up
A,Cooling_Flow,PKG_A|RCP_6,opcond_OK_median,9.999,down
A,Cooling_Water_Temp,PKG_A|RCP_6,opcond_OK_median,21.991,up
A,Coating_Flow,PKG_A|RCP_6,opcond_OK_median,49.991,down
A,Groove_Depth,PKG_A|RCP_6,opcond_OK_median,44.9891,down
A,Head_Temp,PKG_A|RCP_7,mentor_target,42.0,up
A,Vibration,PKG_A|RCP_7,opcond_OK_median,0.154,up
A,Alignment_Time,PKG_A|RCP_7,opcond_OK_median,0.3995,up
A,Process_Time,PKG_A|RCP_7,opcond_OK_median,5.004,up
A,Cooling_Flow,PKG_A|RCP_7,opcond_OK_median,9.999,down
A,Cooling_Water_Temp,PKG_A|RCP_7,opcond_OK_median,22.005,up
A,Coating_Flow,PKG_A|RCP_7,opcond_OK_median,50.0185,down
A,Groove_Depth,PKG_A|RCP_7,opcond_OK_median,44.99535,down
A,Head_Temp,PKG_A|RCP_8,mentor_target,42.0,up
A,Vibration,PKG_A|RCP_8,opcond_OK_median,0.1543,up
A,Alignment_Time,PKG_A|RCP_8,opcond_OK_median,0.3998,up
A,Process_Time,PKG_A|RCP_8,opcond_OK_median,5.002,up
A,Cooling_Flow,PKG_A|RCP_8,opcond_OK_median,9.999,down
A,Cooling_Water_Temp,PKG_A|RCP_8,opcond_OK_median,22.0025,up
A,Coating_Flow,PKG_A|RCP_8,opcond_OK_median,50.031,down
A,Groove_Depth,PKG_A|RCP_8,opcond_OK_median,44.99805,down
A,Head_Temp,PKG_A|RCP_9,mentor_target,42.0,up
A,Vibration,PKG_A|RCP_9,opcond_OK_median,0.155,up
A,Alignment_Time,PKG_A|RCP_9,opcond_OK_median,0.399,up
A,Process_Time,PKG_A|RCP_9,opcond_OK_median,5.0,up
A,Cooling_Flow,PKG_A|RCP_9,opcond_OK_median,9.997,down
A,Cooling_Water_Temp,PKG_A|RCP_9,opcond_OK_median,22.014,up
A,Coating_Flow,PKG_A|RCP_9,opcond_OK_median,50.009,down
A,Groove_Depth,PKG_A|RCP_9,opcond_OK_median,44.98555,down
A,Head_Temp,PKG_B|RCP_1,mentor_target,42.0,up
A,Vibration,PKG_B|RCP_1,opcond_OK_median,0.1552,up
A,Alignment_Time,PKG_B|RCP_1,opcond_OK_median,0.4004,up
A,Process_Time,PKG_B|RCP_1,opcond_OK_median,4.999,up
A,Cooling_Flow,PKG_B|RCP_1,opcond_OK_median,9.993,down
A,Cooling_Water_Temp,PKG_B|RCP_1,opcond_OK_median,22.016,up
A,Coating_Flow,PKG_B|RCP_1,opcond_OK_median,50.011,down
A,Groove_Depth,PKG_B|RCP_1,opcond_OK_median,44.9882,down
A,Head_Temp,PKG_B|RCP_2,mentor_target,42.0,up
A,Vibration,PKG_B|RCP_2,opcond_OK_median,0.1561,up
A,Alignment_Time,PKG_B|RCP_2,opcond_OK_median,0.3999,up
A,Process_Time,PKG_B|RCP_2,opcond_OK_median,5.0,up
A,Cooling_Flow,PKG_B|RCP_2,opcond_OK_median,10.002,down
A,Cooling_Water_Temp,PKG_B|RCP_2,opcond_OK_median,21.983,up
A,Coating_Flow,PKG_B|RCP_2,opcond_OK_median,49.999,down
A,Groove_Depth,PKG_B|RCP_2,opcond_OK_median,44.9861,down
A,Head_Temp,PKG_B|RCP_3,mentor_target,42.0,up
A,Vibration,PKG_B|RCP_3,opcond_OK_median,0.1548,up
A,Alignment_Time,PKG_B|RCP_3,opcond_OK_median,0.4008,up
A,Process_Time,PKG_B|RCP_3,opcond_OK_median,5.007,up
A,Cooling_Flow,PKG_B|RCP_3,opcond_OK_median,10.003,down
A,Cooling_Water_Temp,PKG_B|RCP_3,opcond_OK_median,21.983,up
A,Coating_Flow,PKG_B|RCP_3,opcond_OK_median,49.975,down
A,Groove_Depth,PKG_B|RCP_3,opcond_OK_median,44.9932,down
A,Head_Temp,PKG_B|RCP_4,mentor_target,42.0,up
A,Vibration,PKG_B|RCP_4,opcond_OK_median,0.1543,up
A,Alignment_Time,PKG_B|RCP_4,opcond_OK_median,0.4002,up
A,Process_Time,PKG_B|RCP_4,opcond_OK_median,5.007,up
A,Cooling_Flow,PKG_B|RCP_4,opcond_OK_median,10.001,down
A,Cooling_Water_Temp,PKG_B|RCP_4,opcond_OK_median,21.991,up
A,Coating_Flow,PKG_B|RCP_4,opcond_OK_median,49.972,down
A,Groove_Depth,PKG_B|RCP_4,opcond_OK_median,44.9854,down
A,Head_Temp,PKG_B|RCP_5,mentor_target,42.0,up
A,Vibration,PKG_B|RCP_5,opcond_OK_median,0.1558,up
A,Alignment_Time,PKG_B|RCP_5,opcond_OK_median,0.39975,up
A,Process_Time,PKG_B|RCP_5,opcond_OK_median,4.999,up
A,Cooling_Flow,PKG_B|RCP_5,opcond_OK_median,10.001,down
A,Cooling_Water_Temp,PKG_B|RCP_5,opcond_OK_median,22.002,up
A,Coating_Flow,PKG_B|RCP_5,opcond_OK_median,49.978,down
A,Groove_Depth,PKG_B|RCP_5,opcond_OK_median,44.98135,down
A,Head_Temp,PKG_B|RCP_6,mentor_target,42.0,up
A,Vibration,PKG_B|RCP_6,opcond_OK_median,0.1558,up
A,Alignment_Time,PKG_B|RCP_6,opcond_OK_median,0.4,up
A,Process_Time,PKG_B|RCP_6,opcond_OK_median,4.996,up
A,Cooling_Flow,PKG_B|RCP_6,opcond_OK_median,10.0,down
A,Cooling_Water_Temp,PKG_B|RCP_6,opcond_OK_median,22.011,up
A,Coating_Flow,PKG_B|RCP_6,opcond_OK_median,50.003,down
A,Groove_Depth,PKG_B|RCP_6,opcond_OK_median,44.9793,down
A,Head_Temp,PKG_B|RCP_7,mentor_target,42.0,up
A,Vibration,PKG_B|RCP_7,opcond_OK_median,0.1544,up
A,Alignment_Time,PKG_B|RCP_7,opcond_OK_median,0.3995,up
A,Process_Time,PKG_B|RCP_7,opcond_OK_median,4.999,up
A,Cooling_Flow,PKG_B|RCP_7,opcond_OK_median,10.0,down
A,Cooling_Water_Temp,PKG_B|RCP_7,opcond_OK_median,22.0,up
A,Coating_Flow,PKG_B|RCP_7,opcond_OK_median,49.992,down
A,Groove_Depth,PKG_B|RCP_7,opcond_OK_median,44.9915,down
A,Head_Temp,PKG_B|RCP_8,mentor_target,42.0,up
A,Vibration,PKG_B|RCP_8,opcond_OK_median,0.1556,up
A,Alignment_Time,PKG_B|RCP_8,opcond_OK_median,0.3991,up
A,Process_Time,PKG_B|RCP_8,opcond_OK_median,5.007,up
A,Cooling_Flow,PKG_B|RCP_8,opcond_OK_median,9.995,down
A,Cooling_Water_Temp,PKG_B|RCP_8,opcond_OK_median,22.001,up
A,Coating_Flow,PKG_B|RCP_8,opcond_OK_median,50.022,down
A,Groove_Depth,PKG_B|RCP_8,opcond_OK_median,44.9863,down
A,Head_Temp,PKG_B|RCP_9,mentor_target,42.0,up
A,Vibration,PKG_B|RCP_9,opcond_OK_median,0.155,up
A,Alignment_Time,PKG_B|RCP_9,opcond_OK_median,0.3993,up
A,Process_Time,PKG_B|RCP_9,opcond_OK_median,5.0,up
A,Cooling_Flow,PKG_B|RCP_9,opcond_OK_median,9.999,down
A,Cooling_Water_Temp,PKG_B|RCP_9,opcond_OK_median,22.005,up
A,Coating_Flow,PKG_B|RCP_9,opcond_OK_median,50.014,down
A,Groove_Depth,PKG_B|RCP_9,opcond_OK_median,44.99275,down
A,Head_Temp,PKG_C|RCP_1,mentor_target,42.0,up
A,Vibration,PKG_C|RCP_1,opcond_OK_median,0.1543,up
A,Alignment_Time,PKG_C|RCP_1,opcond_OK_median,0.3986,up
A,Process_Time,PKG_C|RCP_1,opcond_OK_median,5.002,up
A,Cooling_Flow,PKG_C|RCP_1,opcond_OK_median,10.003,down
A,Cooling_Water_Temp,PKG_C|RCP_1,opcond_OK_median,22.007,up
A,Coating_Flow,PKG_C|RCP_1,opcond_OK_median,49.988,down
A,Groove_Depth,PKG_C|RCP_1,opcond_OK_median,44.9929,down
A,Head_Temp,PKG_C|RCP_2,mentor_target,42.0,up
A,Vibration,PKG_C|RCP_2,opcond_OK_median,0.1559,up
A,Alignment_Time,PKG_C|RCP_2,opcond_OK_median,0.4001,up
A,Process_Time,PKG_C|RCP_2,opcond_OK_median,5.0,up
A,Cooling_Flow,PKG_C|RCP_2,opcond_OK_median,9.999,down
A,Cooling_Water_Temp,PKG_C|RCP_2,opcond_OK_median,21.9835,up
A,Coating_Flow,PKG_C|RCP_2,opcond_OK_median,50.025,down
A,Groove_Depth,PKG_C|RCP_2,opcond_OK_median,44.99205,down
A,Head_Temp,PKG_C|RCP_3,mentor_target,42.0,up
A,Vibration,PKG_C|RCP_3,opcond_OK_median,0.1554,up
A,Alignment_Time,PKG_C|RCP_3,opcond_OK_median,0.3997,up
A,Process_Time,PKG_C|RCP_3,opcond_OK_median,4.999,up
A,Cooling_Flow,PKG_C|RCP_3,opcond_OK_median,10.001,down
A,Cooling_Water_Temp,PKG_C|RCP_3,opcond_OK_median,21.9985,up
A,Coating_Flow,PKG_C|RCP_3,opcond_OK_median,50.0065,down
A,Groove_Depth,PKG_C|RCP_3,opcond_OK_median,44.98435,down
A,Head_Temp,PKG_C|RCP_4,mentor_target,42.0,up
A,Vibration,PKG_C|RCP_4,opcond_OK_median,0.1543,up
A,Alignment_Time,PKG_C|RCP_4,opcond_OK_median,0.4003,up
A,Process_Time,PKG_C|RCP_4,opcond_OK_median,4.994,up
A,Cooling_Flow,PKG_C|RCP_4,opcond_OK_median,9.992,down
A,Cooling_Water_Temp,PKG_C|RCP_4,opcond_OK_median,21.995,up
A,Coating_Flow,PKG_C|RCP_4,opcond_OK_median,49.978,down
A,Groove_Depth,PKG_C|RCP_4,opcond_OK_median,44.9862,down
A,Head_Temp,PKG_C|RCP_5,mentor_target,42.0,up
A,Vibration,PKG_C|RCP_5,opcond_OK_median,0.1547,up
A,Alignment_Time,PKG_C|RCP_5,opcond_OK_median,0.4,up
A,Process_Time,PKG_C|RCP_5,opcond_OK_median,4.996,up
A,Cooling_Flow,PKG_C|RCP_5,opcond_OK_median,10.002,down
A,Cooling_Water_Temp,PKG_C|RCP_5,opcond_OK_median,22.004,up
A,Coating_Flow,PKG_C|RCP_5,opcond_OK_median,49.991,down
A,Groove_Depth,PKG_C|RCP_5,opcond_OK_median,44.9922,down
A,Head_Temp,PKG_C|RCP_6,mentor_target,42.0,up
A,Vibration,PKG_C|RCP_6,opcond_OK_median,0.1548,up
A,Alignment_Time,PKG_C|RCP_6,opcond_OK_median,0.40055,up
A,Process_Time,PKG_C|RCP_6,opcond_OK_median,4.995,up
A,Cooling_Flow,PKG_C|RCP_6,opcond_OK_median,9.996,down
A,Cooling_Water_Temp,PKG_C|RCP_6,opcond_OK_median,22.003,up
A,Coating_Flow,PKG_C|RCP_6,opcond_OK_median,49.982,down
A,Groove_Depth,PKG_C|RCP_6,opcond_OK_median,44.99535,down
A,Head_Temp,PKG_C|RCP_7,mentor_target,42.0,up
A,Vibration,PKG_C|RCP_7,opcond_OK_median,0.15555,up
A,Alignment_Time,PKG_C|RCP_7,opcond_OK_median,0.4001,up
A,Process_Time,PKG_C|RCP_7,opcond_OK_median,5.001,up
A,Cooling_Flow,PKG_C|RCP_7,opcond_OK_median,9.9995,down
A,Cooling_Water_Temp,PKG_C|RCP_7,opcond_OK_median,21.991,up
A,Coating_Flow,PKG_C|RCP_7,opcond_OK_median,49.994,down
A,Groove_Depth,PKG_C|RCP_7,opcond_OK_median,44.98705,down
A,Head_Temp,PKG_C|RCP_8,mentor_target,42.0,up
A,Vibration,PKG_C|RCP_8,opcond_OK_median,0.1553,up
A,Alignment_Time,PKG_C|RCP_8,opcond_OK_median,0.3999,up
A,Process_Time,PKG_C|RCP_8,opcond_OK_median,4.999,up
A,Cooling_Flow,PKG_C|RCP_8,opcond_OK_median,9.995,down
A,Cooling_Water_Temp,PKG_C|RCP_8,opcond_OK_median,22.004,up
A,Coating_Flow,PKG_C|RCP_8,opcond_OK_median,50.009,down
A,Groove_Depth,PKG_C|RCP_8,opcond_OK_median,44.9903,down
A,Head_Temp,PKG_C|RCP_9,mentor_target,42.0,up
A,Vibration,PKG_C|RCP_9,opcond_OK_median,0.1554,up
A,Alignment_Time,PKG_C|RCP_9,opcond_OK_median,0.40065,up
A,Process_Time,PKG_C|RCP_9,opcond_OK_median,5.002,up
A,Cooling_Flow,PKG_C|RCP_9,opcond_OK_median,10.0005,down
A,Cooling_Water_Temp,PKG_C|RCP_9,opcond_OK_median,22.0055,up
A,Coating_Flow,PKG_C|RCP_9,opcond_OK_median,50.0005,down
A,Groove_Depth,PKG_C|RCP_9,opcond_OK_median,44.98725,down
A,Head_Temp,PKG_D|RCP_1,mentor_target,42.0,up
A,Vibration,PKG_D|RCP_1,opcond_OK_median,0.156,up
A,Alignment_Time,PKG_D|RCP_1,opcond_OK_median,0.4004,up
A,Process_Time,PKG_D|RCP_1,opcond_OK_median,5.0,up
A,Cooling_Flow,PKG_D|RCP_1,opcond_OK_median,9.998,down
A,Cooling_Water_Temp,PKG_D|RCP_1,opcond_OK_median,21.991,up
A,Coating_Flow,PKG_D|RCP_1,opcond_OK_median,50.006,down
A,Groove_Depth,PKG_D|RCP_1,opcond_OK_median,44.99875,down
A,Head_Temp,PKG_D|RCP_2,mentor_target,42.0,up
A,Vibration,PKG_D|RCP_2,opcond_OK_median,0.155,up
A,Alignment_Time,PKG_D|RCP_2,opcond_OK_median,0.4005,up
A,Process_Time,PKG_D|RCP_2,opcond_OK_median,5.001,up
A,Cooling_Flow,PKG_D|RCP_2,opcond_OK_median,10.004,down
A,Cooling_Water_Temp,PKG_D|RCP_2,opcond_OK_median,21.992,up
A,Coating_Flow,PKG_D|RCP_2,opcond_OK_median,49.963,down
A,Groove_Depth,PKG_D|RCP_2,opcond_OK_median,44.9879,down
A,Head_Temp,PKG_D|RCP_3,mentor_target,42.0,up
A,Vibration,PKG_D|RCP_3,opcond_OK_median,0.1541,up
A,Alignment_Time,PKG_D|RCP_3,opcond_OK_median,0.4001,up
A,Process_Time,PKG_D|RCP_3,opcond_OK_median,5.003,up
A,Cooling_Flow,PKG_D|RCP_3,opcond_OK_median,9.996,down
A,Cooling_Water_Temp,PKG_D|RCP_3,opcond_OK_median,22.014,up
A,Coating_Flow,PKG_D|RCP_3,opcond_OK_median,49.978,down
A,Groove_Depth,PKG_D|RCP_3,opcond_OK_median,44.9894,down
A,Head_Temp,PKG_D|RCP_4,mentor_target,42.0,up
A,Vibration,PKG_D|RCP_4,opcond_OK_median,0.1547,up
A,Alignment_Time,PKG_D|RCP_4,opcond_OK_median,0.3993,up
A,Process_Time,PKG_D|RCP_4,opcond_OK_median,5.003,up
A,Cooling_Flow,PKG_D|RCP_4,opcond_OK_median,10.0,down
A,Cooling_Water_Temp,PKG_D|RCP_4,opcond_OK_median,22.013,up
A,Coating_Flow,PKG_D|RCP_4,opcond_OK_median,49.984,down
A,Groove_Depth,PKG_D|RCP_4,opcond_OK_median,44.9843,down
A,Head_Temp,PKG_D|RCP_5,mentor_target,42.0,up
A,Vibration,PKG_D|RCP_5,opcond_OK_median,0.1562,up
A,Alignment_Time,PKG_D|RCP_5,opcond_OK_median,0.3999,up
A,Process_Time,PKG_D|RCP_5,opcond_OK_median,5.0,up
A,Cooling_Flow,PKG_D|RCP_5,opcond_OK_median,9.999,down
A,Cooling_Water_Temp,PKG_D|RCP_5,opcond_OK_median,22.001,up
A,Coating_Flow,PKG_D|RCP_5,opcond_OK_median,49.983,down
A,Groove_Depth,PKG_D|RCP_5,opcond_OK_median,44.9859,down
A,Head_Temp,PKG_D|RCP_6,mentor_target,42.0,up
A,Vibration,PKG_D|RCP_6,opcond_OK_median,0.1543,up
A,Alignment_Time,PKG_D|RCP_6,opcond_OK_median,0.40065,up
A,Process_Time,PKG_D|RCP_6,opcond_OK_median,4.999,up
A,Cooling_Flow,PKG_D|RCP_6,opcond_OK_median,9.9955,down
A,Cooling_Water_Temp,PKG_D|RCP_6,opcond_OK_median,22.001,up
A,Coating_Flow,PKG_D|RCP_6,opcond_OK_median,50.02,down
A,Groove_Depth,PKG_D|RCP_6,opcond_OK_median,44.9874,down
A,Head_Temp,PKG_D|RCP_7,mentor_target,42.0,up
A,Vibration,PKG_D|RCP_7,opcond_OK_median,0.1541,up
A,Alignment_Time,PKG_D|RCP_7,opcond_OK_median,0.4002,up
A,Process_Time,PKG_D|RCP_7,opcond_OK_median,4.998,up
A,Cooling_Flow,PKG_D|RCP_7,opcond_OK_median,9.996,down
A,Cooling_Water_Temp,PKG_D|RCP_7,opcond_OK_median,21.999,up
A,Coating_Flow,PKG_D|RCP_7,opcond_OK_median,50.016,down
A,Groove_Depth,PKG_D|RCP_7,opcond_OK_median,44.9887,down
A,Head_Temp,PKG_D|RCP_8,mentor_target,42.0,up
A,Vibration,PKG_D|RCP_8,opcond_OK_median,0.1562,up
A,Alignment_Time,PKG_D|RCP_8,opcond_OK_median,0.3987,up
A,Process_Time,PKG_D|RCP_8,opcond_OK_median,5.002,up
A,Cooling_Flow,PKG_D|RCP_8,opcond_OK_median,10.002,down
A,Cooling_Water_Temp,PKG_D|RCP_8,opcond_OK_median,22.006,up
A,Coating_Flow,PKG_D|RCP_8,opcond_OK_median,50.022,down
A,Groove_Depth,PKG_D|RCP_8,opcond_OK_median,44.993,down
A,Head_Temp,PKG_D|RCP_9,mentor_target,42.0,up
A,Vibration,PKG_D|RCP_9,opcond_OK_median,0.1552,up
A,Alignment_Time,PKG_D|RCP_9,opcond_OK_median,0.39955,up
A,Process_Time,PKG_D|RCP_9,opcond_OK_median,5.006,up
A,Cooling_Flow,PKG_D|RCP_9,opcond_OK_median,10.0,down
A,Cooling_Water_Temp,PKG_D|RCP_9,opcond_OK_median,22.006,up
A,Coating_Flow,PKG_D|RCP_9,opcond_OK_median,50.0045,down
A,Groove_Depth,PKG_D|RCP_9,opcond_OK_median,44.9893,down
A,Head_Temp,PKG_E|RCP_1,mentor_target,42.0,up
A,Vibration,PKG_E|RCP_1,opcond_OK_median,0.1542,up
A,Alignment_Time,PKG_E|RCP_1,opcond_OK_median,0.399,up
A,Process_Time,PKG_E|RCP_1,opcond_OK_median,5.003,up
A,Cooling_Flow,PKG_E|RCP_1,opcond_OK_median,10.002,down
A,Cooling_Water_Temp,PKG_E|RCP_1,opcond_OK_median,22.001,up
A,Coating_Flow,PKG_E|RCP_1,opcond_OK_median,49.982,down
A,Groove_Depth,PKG_E|RCP_1,opcond_OK_median,44.9967,down
A,Head_Temp,PKG_E|RCP_2,mentor_target,42.0,up
A,Vibration,PKG_E|RCP_2,opcond_OK_median,0.1553,up
A,Alignment_Time,PKG_E|RCP_2,opcond_OK_median,0.40015,up
A,Process_Time,PKG_E|RCP_2,opcond_OK_median,5.003,up
A,Cooling_Flow,PKG_E|RCP_2,opcond_OK_median,10.0035,down
A,Cooling_Water_Temp,PKG_E|RCP_2,opcond_OK_median,22.001,up
A,Coating_Flow,PKG_E|RCP_2,opcond_OK_median,50.0305,down
A,Groove_Depth,PKG_E|RCP_2,opcond_OK_median,44.9957,down
A,Head_Temp,PKG_E|RCP_3,mentor_target,42.0,up
A,Vibration,PKG_E|RCP_3,opcond_OK_median,0.15485,up
A,Alignment_Time,PKG_E|RCP_3,opcond_OK_median,0.4,up
A,Process_Time,PKG_E|RCP_3,opcond_OK_median,5.0,up
A,Cooling_Flow,PKG_E|RCP_3,opcond_OK_median,9.9945,down
A,Cooling_Water_Temp,PKG_E|RCP_3,opcond_OK_median,22.0,up
A,Coating_Flow,PKG_E|RCP_3,opcond_OK_median,50.006,down
A,Groove_Depth,PKG_E|RCP_3,opcond_OK_median,44.98905,down
A,Head_Temp,PKG_E|RCP_4,mentor_target,42.0,up
A,Vibration,PKG_E|RCP_4,opcond_OK_median,0.1547,up
A,Alignment_Time,PKG_E|RCP_4,opcond_OK_median,0.3996,up
A,Process_Time,PKG_E|RCP_4,opcond_OK_median,4.997,up
A,Cooling_Flow,PKG_E|RCP_4,opcond_OK_median,10.0,down
A,Cooling_Water_Temp,PKG_E|RCP_4,opcond_OK_median,22.009,up
A,Coating_Flow,PKG_E|RCP_4,opcond_OK_median,50.008,down
A,Groove_Depth,PKG_E|RCP_4,opcond_OK_median,44.9901,down
A,Head_Temp,PKG_E|RCP_5,mentor_target,42.0,up
A,Vibration,PKG_E|RCP_5,opcond_OK_median,0.1548,up
A,Alignment_Time,PKG_E|RCP_5,opcond_OK_median,0.3992,up
A,Process_Time,PKG_E|RCP_5,opcond_OK_median,4.995,up
A,Cooling_Flow,PKG_E|RCP_5,opcond_OK_median,9.998,down
A,Cooling_Water_Temp,PKG_E|RCP_5,opcond_OK_median,22.0055,up
A,Coating_Flow,PKG_E|RCP_5,opcond_OK_median,50.006,down
A,Groove_Depth,PKG_E|RCP_5,opcond_OK_median,44.9977,down
A,Head_Temp,PKG_E|RCP_6,mentor_target,42.0,up
A,Vibration,PKG_E|RCP_6,opcond_OK_median,0.1552,up
A,Alignment_Time,PKG_E|RCP_6,opcond_OK_median,0.40005,up
A,Process_Time,PKG_E|RCP_6,opcond_OK_median,4.997,up
A,Cooling_Flow,PKG_E|RCP_6,opcond_OK_median,9.997,down
A,Cooling_Water_Temp,PKG_E|RCP_6,opcond_OK_median,21.9955,up
A,Coating_Flow,PKG_E|RCP_6,opcond_OK_median,50.025,down
A,Groove_Depth,PKG_E|RCP_6,opcond_OK_median,44.97965,down
A,Head_Temp,PKG_E|RCP_7,mentor_target,42.0,up
A,Vibration,PKG_E|RCP_7,opcond_OK_median,0.1544,up
A,Alignment_Time,PKG_E|RCP_7,opcond_OK_median,0.3997,up
A,Process_Time,PKG_E|RCP_7,opcond_OK_median,5.002,up
A,Cooling_Flow,PKG_E|RCP_7,opcond_OK_median,10.003,down
A,Cooling_Water_Temp,PKG_E|RCP_7,opcond_OK_median,22.0115,up
A,Coating_Flow,PKG_E|RCP_7,opcond_OK_median,50.002,down
A,Groove_Depth,PKG_E|RCP_7,opcond_OK_median,44.99135,down
A,Head_Temp,PKG_E|RCP_8,mentor_target,42.0,up
A,Vibration,PKG_E|RCP_8,opcond_OK_median,0.15515,up
A,Alignment_Time,PKG_E|RCP_8,opcond_OK_median,0.4001,up
A,Process_Time,PKG_E|RCP_8,opcond_OK_median,4.996,up
A,Cooling_Flow,PKG_E|RCP_8,opcond_OK_median,9.996,down
A,Cooling_Water_Temp,PKG_E|RCP_8,opcond_OK_median,22.007,up
A,Coating_Flow,PKG_E|RCP_8,opcond_OK_median,50.014,down
A,Groove_Depth,PKG_E|RCP_8,opcond_OK_median,44.9924,down
A,Head_Temp,PKG_E|RCP_9,mentor_target,42.0,up
A,Vibration,PKG_E|RCP_9,opcond_OK_median,0.1539,up
A,Alignment_Time,PKG_E|RCP_9,opcond_OK_median,0.4,up
A,Process_Time,PKG_E|RCP_9,opcond_OK_median,5.008,up
A,Cooling_Flow,PKG_E|RCP_9,opcond_OK_median,9.999,down
A,Cooling_Water_Temp,PKG_E|RCP_9,opcond_OK_median,22.01,up
A,Coating_Flow,PKG_E|RCP_9,opcond_OK_median,49.993,down
A,Groove_Depth,PKG_E|RCP_9,opcond_OK_median,44.987,down
A,Head_Temp,PKG_F|RCP_1,mentor_target,42.0,up
A,Vibration,PKG_F|RCP_1,opcond_OK_median,0.1546,up
A,Alignment_Time,PKG_F|RCP_1,opcond_OK_median,0.3993,up
A,Process_Time,PKG_F|RCP_1,opcond_OK_median,4.998,up
A,Cooling_Flow,PKG_F|RCP_1,opcond_OK_median,10.0005,down
A,Cooling_Water_Temp,PKG_F|RCP_1,opcond_OK_median,21.9965,up
A,Coating_Flow,PKG_F|RCP_1,opcond_OK_median,49.9935,down
A,Groove_Depth,PKG_F|RCP_1,opcond_OK_median,44.9842,down
A,Head_Temp,PKG_F|RCP_2,mentor_target,42.0,up
A,Vibration,PKG_F|RCP_2,opcond_OK_median,0.1551,up
A,Alignment_Time,PKG_F|RCP_2,opcond_OK_median,0.4007,up
A,Process_Time,PKG_F|RCP_2,opcond_OK_median,4.998,up
A,Cooling_Flow,PKG_F|RCP_2,opcond_OK_median,10.001,down
A,Cooling_Water_Temp,PKG_F|RCP_2,opcond_OK_median,22.012,up
A,Coating_Flow,PKG_F|RCP_2,opcond_OK_median,50.011,down
A,Groove_Depth,PKG_F|RCP_2,opcond_OK_median,44.9905,down
A,Head_Temp,PKG_F|RCP_3,mentor_target,42.0,up
A,Vibration,PKG_F|RCP_3,opcond_OK_median,0.1568,up
A,Alignment_Time,PKG_F|RCP_3,opcond_OK_median,0.39925,up
A,Process_Time,PKG_F|RCP_3,opcond_OK_median,5.002,up
A,Cooling_Flow,PKG_F|RCP_3,opcond_OK_median,9.996,down
A,Cooling_Water_Temp,PKG_F|RCP_3,opcond_OK_median,21.994,up
A,Coating_Flow,PKG_F|RCP_3,opcond_OK_median,49.9685,down
A,Groove_Depth,PKG_F|RCP_3,opcond_OK_median,44.9923,down
A,Head_Temp,PKG_F|RCP_4,mentor_target,42.0,up
A,Vibration,PKG_F|RCP_4,opcond_OK_median,0.1542,up
A,Alignment_Time,PKG_F|RCP_4,opcond_OK_median,0.40055,up
A,Process_Time,PKG_F|RCP_4,opcond_OK_median,4.999,up
A,Cooling_Flow,PKG_F|RCP_4,opcond_OK_median,9.999,down
A,Cooling_Water_Temp,PKG_F|RCP_4,opcond_OK_median,21.989,up
A,Coating_Flow,PKG_F|RCP_4,opcond_OK_median,49.974,down
A,Groove_Depth,PKG_F|RCP_4,opcond_OK_median,44.9895,down
A,Head_Temp,PKG_F|RCP_5,mentor_target,42.0,up
A,Vibration,PKG_F|RCP_5,opcond_OK_median,0.1539,up
A,Alignment_Time,PKG_F|RCP_5,opcond_OK_median,0.3998,up
A,Process_Time,PKG_F|RCP_5,opcond_OK_median,5.002,up
A,Cooling_Flow,PKG_F|RCP_5,opcond_OK_median,9.999,down
A,Cooling_Water_Temp,PKG_F|RCP_5,opcond_OK_median,22.016,up
A,Coating_Flow,PKG_F|RCP_5,opcond_OK_median,50.0,down
A,Groove_Depth,PKG_F|RCP_5,opcond_OK_median,44.9894,down
A,Head_Temp,PKG_F|RCP_6,mentor_target,42.0,up
A,Vibration,PKG_F|RCP_6,opcond_OK_median,0.1533,up
A,Alignment_Time,PKG_F|RCP_6,opcond_OK_median,0.399,up
A,Process_Time,PKG_F|RCP_6,opcond_OK_median,5.002,up
A,Cooling_Flow,PKG_F|RCP_6,opcond_OK_median,9.996,down
A,Cooling_Water_Temp,PKG_F|RCP_6,opcond_OK_median,21.991,up
A,Coating_Flow,PKG_F|RCP_6,opcond_OK_median,50.022,down
A,Groove_Depth,PKG_F|RCP_6,opcond_OK_median,44.9965,down
A,Head_Temp,PKG_F|RCP_7,mentor_target,42.0,up
A,Vibration,PKG_F|RCP_7,opcond_OK_median,0.1548,up
A,Alignment_Time,PKG_F|RCP_7,opcond_OK_median,0.40065,up
A,Process_Time,PKG_F|RCP_7,opcond_OK_median,5.0,up
A,Cooling_Flow,PKG_F|RCP_7,opcond_OK_median,9.998,down
A,Cooling_Water_Temp,PKG_F|RCP_7,opcond_OK_median,21.9945,up
A,Coating_Flow,PKG_F|RCP_7,opcond_OK_median,49.984,down
A,Groove_Depth,PKG_F|RCP_7,opcond_OK_median,44.98375,down
A,Head_Temp,PKG_F|RCP_8,mentor_target,42.0,up
A,Vibration,PKG_F|RCP_8,opcond_OK_median,0.15435,up
A,Alignment_Time,PKG_F|RCP_8,opcond_OK_median,0.4008,up
A,Process_Time,PKG_F|RCP_8,opcond_OK_median,4.998,up
A,Cooling_Flow,PKG_F|RCP_8,opcond_OK_median,9.998,down
A,Cooling_Water_Temp,PKG_F|RCP_8,opcond_OK_median,22.018,up
A,Coating_Flow,PKG_F|RCP_8,opcond_OK_median,49.9985,down
A,Groove_Depth,PKG_F|RCP_8,opcond_OK_median,44.9885,down
A,Head_Temp,PKG_F|RCP_9,mentor_target,42.0,up
A,Vibration,PKG_F|RCP_9,opcond_OK_median,0.1555,up
A,Alignment_Time,PKG_F|RCP_9,opcond_OK_median,0.3999,up
A,Process_Time,PKG_F|RCP_9,opcond_OK_median,5.004,up
A,Cooling_Flow,PKG_F|RCP_9,opcond_OK_median,10.003,down
A,Cooling_Water_Temp,PKG_F|RCP_9,opcond_OK_median,22.004,up
A,Coating_Flow,PKG_F|RCP_9,opcond_OK_median,50.003,down
A,Groove_Depth,PKG_F|RCP_9,opcond_OK_median,44.9897,down
B,Laser_Power,PKG_A|RCP_1,mentor_target,18.5,
B,Power_Efficiency,PKG_A|RCP_1,mentor_target,95.0,
B,Focus,PKG_A|RCP_1,mentor_target,0.0,
B,Beam_Diameter,PKG_A|RCP_1,opcond_OK_median,34.994,
B,Kerf_Width_Profile,PKG_A|RCP_1,"opcond_OK_median (target 재계산, LSL/USL은 멘토값 유지)",50.0966,
B,Top_Kerf,PKG_A|RCP_1,opcond_OK_median,50.0976,
B,Bottom_Kerf,PKG_A|RCP_1,opcond_OK_median,50.0963,
B,CLN_Time,PKG_A|RCP_1,opcond_OK_median (재분류: C->B),15.011,
B,Frequency,PKG_A|RCP_1,mentor_target,100.0,
B,Feed_Speed,PKG_A|RCP_1,mentor_target,250.0,
B,Coating_Uniformity,PKG_A|RCP_1,"opcond_OK_median (target 재계산, LSL/USL은 멘토값 유지)",98.818,
B,Laser_Current,PKG_A|RCP_1,opcond_OK_median,8.502,
B,Laser_Voltage,PKG_A|RCP_1,opcond_OK_median,23.998,
B,Laser_Power,PKG_A|RCP_2,mentor_target,18.5,
B,Power_Efficiency,PKG_A|RCP_2,mentor_target,95.0,
B,Focus,PKG_A|RCP_2,mentor_target,0.0,
B,Beam_Diameter,PKG_A|RCP_2,opcond_OK_median,34.998,
B,Kerf_Width_Profile,PKG_A|RCP_2,"opcond_OK_median (target 재계산, LSL/USL은 멘토값 유지)",50.09235,
B,Top_Kerf,PKG_A|RCP_2,opcond_OK_median,50.09775,
B,Bottom_Kerf,PKG_A|RCP_2,opcond_OK_median,50.09685,
B,CLN_Time,PKG_A|RCP_2,opcond_OK_median (재분류: C->B),14.983,
B,Frequency,PKG_A|RCP_2,mentor_target,100.0,
B,Feed_Speed,PKG_A|RCP_2,mentor_target,250.0,
B,Coating_Uniformity,PKG_A|RCP_2,"opcond_OK_median (target 재계산, LSL/USL은 멘토값 유지)",98.8085,
B,Laser_Current,PKG_A|RCP_2,opcond_OK_median,8.499,
B,Laser_Voltage,PKG_A|RCP_2,opcond_OK_median,24.0085,
B,Laser_Power,PKG_A|RCP_3,mentor_target,18.5,
B,Power_Efficiency,PKG_A|RCP_3,mentor_target,95.0,
B,Focus,PKG_A|RCP_3,mentor_target,0.0,
B,Beam_Diameter,PKG_A|RCP_3,opcond_OK_median,34.9915,
B,Kerf_Width_Profile,PKG_A|RCP_3,"opcond_OK_median (target 재계산, LSL/USL은 멘토값 유지)",50.09285,
B,Top_Kerf,PKG_A|RCP_3,opcond_OK_median,50.09335,
B,Bottom_Kerf,PKG_A|RCP_3,opcond_OK_median,50.09415,
B,CLN_Time,PKG_A|RCP_3,opcond_OK_median (재분류: C->B),14.9795,
B,Frequency,PKG_A|RCP_3,mentor_target,100.0,
B,Feed_Speed,PKG_A|RCP_3,mentor_target,250.0,
B,Coating_Uniformity,PKG_A|RCP_3,"opcond_OK_median (target 재계산, LSL/USL은 멘토값 유지)",98.812,
B,Laser_Current,PKG_A|RCP_3,opcond_OK_median,8.504,
B,Laser_Voltage,PKG_A|RCP_3,opcond_OK_median,24.006,
B,Laser_Power,PKG_A|RCP_4,mentor_target,18.5,
B,Power_Efficiency,PKG_A|RCP_4,mentor_target,95.0,
B,Focus,PKG_A|RCP_4,mentor_target,0.0,
B,Beam_Diameter,PKG_A|RCP_4,opcond_OK_median,35.019,
B,Kerf_Width_Profile,PKG_A|RCP_4,"opcond_OK_median (target 재계산, LSL/USL은 멘토값 유지)",50.09445,
B,Top_Kerf,PKG_A|RCP_4,opcond_OK_median,50.09555,
B,Bottom_Kerf,PKG_A|RCP_4,opcond_OK_median,50.09325,
B,CLN_Time,PKG_A|RCP_4,opcond_OK_median (재분류: C->B),15.009,
B,Frequency,PKG_A|RCP_4,mentor_target,100.0,
B,Feed_Speed,PKG_A|RCP_4,mentor_target,250.0,
B,Coating_Uniformity,PKG_A|RCP_4,"opcond_OK_median (target 재계산, LSL/USL은 멘토값 유지)",98.808,
B,Laser_Current,PKG_A|RCP_4,opcond_OK_median,8.493,
B,Laser_Voltage,PKG_A|RCP_4,opcond_OK_median,23.989,
B,Laser_Power,PKG_A|RCP_5,mentor_target,18.5,
B,Power_Efficiency,PKG_A|RCP_5,mentor_target,95.0,
B,Focus,PKG_A|RCP_5,mentor_target,0.0,
B,Beam_Diameter,PKG_A|RCP_5,opcond_OK_median,34.9985,
B,Kerf_Width_Profile,PKG_A|RCP_5,"opcond_OK_median (target 재계산, LSL/USL은 멘토값 유지)",50.09445,
B,Top_Kerf,PKG_A|RCP_5,opcond_OK_median,50.0912,
B,Bottom_Kerf,PKG_A|RCP_5,opcond_OK_median,50.09385,
B,CLN_Time,PKG_A|RCP_5,opcond_OK_median (재분류: C->B),14.9735,
B,Frequency,PKG_A|RCP_5,mentor_target,100.0,
B,Feed_Speed,PKG_A|RCP_5,mentor_target,250.0,
B,Coating_Uniformity,PKG_A|RCP_5,"opcond_OK_median (target 재계산, LSL/USL은 멘토값 유지)",98.8115,
B,Laser_Current,PKG_A|RCP_5,opcond_OK_median,8.497,
B,Laser_Voltage,PKG_A|RCP_5,opcond_OK_median,24.003,
B,Laser_Power,PKG_A|RCP_6,mentor_target,18.5,
B,Power_Efficiency,PKG_A|RCP_6,mentor_target,95.0,
B,Focus,PKG_A|RCP_6,mentor_target,0.0,
B,Beam_Diameter,PKG_A|RCP_6,opcond_OK_median,35.005,
B,Kerf_Width_Profile,PKG_A|RCP_6,"opcond_OK_median (target 재계산, LSL/USL은 멘토값 유지)",50.0935,
B,Top_Kerf,PKG_A|RCP_6,opcond_OK_median,50.0957,
B,Bottom_Kerf,PKG_A|RCP_6,opcond_OK_median,50.0964,
B,CLN_Time,PKG_A|RCP_6,opcond_OK_median (재분류: C->B),15.007,
B,Frequency,PKG_A|RCP_6,mentor_target,100.0,
B,Feed_Speed,PKG_A|RCP_6,mentor_target,250.0,
B,Coating_Uniformity,PKG_A|RCP_6,"opcond_OK_median (target 재계산, LSL/USL은 멘토값 유지)",98.812,
B,Laser_Current,PKG_A|RCP_6,opcond_OK_median,8.498,
B,Laser_Voltage,PKG_A|RCP_6,opcond_OK_median,24.006,
B,Laser_Power,PKG_A|RCP_7,mentor_target,18.5,
B,Power_Efficiency,PKG_A|RCP_7,mentor_target,95.0,
B,Focus,PKG_A|RCP_7,mentor_target,0.0,
B,Beam_Diameter,PKG_A|RCP_7,opcond_OK_median,35.0105,
B,Kerf_Width_Profile,PKG_A|RCP_7,"opcond_OK_median (target 재계산, LSL/USL은 멘토값 유지)",50.08655,
B,Top_Kerf,PKG_A|RCP_7,opcond_OK_median,50.0884,
B,Bottom_Kerf,PKG_A|RCP_7,opcond_OK_median,50.0925,
B,CLN_Time,PKG_A|RCP_7,opcond_OK_median (재분류: C->B),15.015,
B,Frequency,PKG_A|RCP_7,mentor_target,100.0,
B,Feed_Speed,PKG_A|RCP_7,mentor_target,250.0,
B,Coating_Uniformity,PKG_A|RCP_7,"opcond_OK_median (target 재계산, LSL/USL은 멘토값 유지)",98.8115,
B,Laser_Current,PKG_A|RCP_7,opcond_OK_median,8.5015,
B,Laser_Voltage,PKG_A|RCP_7,opcond_OK_median,23.999,
B,Laser_Power,PKG_A|RCP_8,mentor_target,18.5,
B,Power_Efficiency,PKG_A|RCP_8,mentor_target,95.0,
B,Focus,PKG_A|RCP_8,mentor_target,0.0,
B,Beam_Diameter,PKG_A|RCP_8,opcond_OK_median,35.006,
B,Kerf_Width_Profile,PKG_A|RCP_8,"opcond_OK_median (target 재계산, LSL/USL은 멘토값 유지)",50.0957,
B,Top_Kerf,PKG_A|RCP_8,opcond_OK_median,50.08865,
B,Bottom_Kerf,PKG_A|RCP_8,opcond_OK_median,50.0916,
B,CLN_Time,PKG_A|RCP_8,opcond_OK_median (재분류: C->B),14.9875,
B,Frequency,PKG_A|RCP_8,mentor_target,100.0,
B,Feed_Speed,PKG_A|RCP_8,mentor_target,250.0,
B,Coating_Uniformity,PKG_A|RCP_8,"opcond_OK_median (target 재계산, LSL/USL은 멘토값 유지)",98.808,
B,Laser_Current,PKG_A|RCP_8,opcond_OK_median,8.498,
B,Laser_Voltage,PKG_A|RCP_8,opcond_OK_median,24.004,
B,Laser_Power,PKG_A|RCP_9,mentor_target,18.5,
B,Power_Efficiency,PKG_A|RCP_9,mentor_target,95.0,
B,Focus,PKG_A|RCP_9,mentor_target,0.0,
B,Beam_Diameter,PKG_A|RCP_9,opcond_OK_median,34.997,
B,Kerf_Width_Profile,PKG_A|RCP_9,"opcond_OK_median (target 재계산, LSL/USL은 멘토값 유지)",50.09665,
B,Top_Kerf,PKG_A|RCP_9,opcond_OK_median,50.0948,
B,Bottom_Kerf,PKG_A|RCP_9,opcond_OK_median,50.0939,
B,CLN_Time,PKG_A|RCP_9,opcond_OK_median (재분류: C->B),15.0055,
B,Frequency,PKG_A|RCP_9,mentor_target,100.0,
B,Feed_Speed,PKG_A|RCP_9,mentor_target,250.0,
B,Coating_Uniformity,PKG_A|RCP_9,"opcond_OK_median (target 재계산, LSL/USL은 멘토값 유지)",98.809,
B,Laser_Current,PKG_A|RCP_9,opcond_OK_median,8.4985,
B,Laser_Voltage,PKG_A|RCP_9,opcond_OK_median,23.998,
B,Laser_Power,PKG_B|RCP_1,mentor_target,18.5,
B,Power_Efficiency,PKG_B|RCP_1,mentor_target,95.0,
B,Focus,PKG_B|RCP_1,mentor_target,0.0,
B,Beam_Diameter,PKG_B|RCP_1,opcond_OK_median,35.005,
B,Kerf_Width_Profile,PKG_B|RCP_1,"opcond_OK_median (target 재계산, LSL/USL은 멘토값 유지)",50.0895,
B,Top_Kerf,PKG_B|RCP_1,opcond_OK_median,50.0901,
B,Bottom_Kerf,PKG_B|RCP_1,opcond_OK_median,50.0948,
B,CLN_Time,PKG_B|RCP_1,opcond_OK_median (재분류: C->B),15.025,
B,Frequency,PKG_B|RCP_1,mentor_target,100.0,
B,Feed_Speed,PKG_B|RCP_1,mentor_target,250.0,
B,Coating_Uniformity,PKG_B|RCP_1,"opcond_OK_median (target 재계산, LSL/USL은 멘토값 유지)",98.815,
B,Laser_Current,PKG_B|RCP_1,opcond_OK_median,8.503,
B,Laser_Voltage,PKG_B|RCP_1,opcond_OK_median,24.004,
B,Laser_Power,PKG_B|RCP_2,mentor_target,18.5,
B,Power_Efficiency,PKG_B|RCP_2,mentor_target,95.0,
B,Focus,PKG_B|RCP_2,mentor_target,0.0,
B,Beam_Diameter,PKG_B|RCP_2,opcond_OK_median,34.996,
B,Kerf_Width_Profile,PKG_B|RCP_2,"opcond_OK_median (target 재계산, LSL/USL은 멘토값 유지)",50.0955,
B,Top_Kerf,PKG_B|RCP_2,opcond_OK_median,50.0942,
B,Bottom_Kerf,PKG_B|RCP_2,opcond_OK_median,50.0944,
B,CLN_Time,PKG_B|RCP_2,opcond_OK_median (재분류: C->B),14.969,
B,Frequency,PKG_B|RCP_2,mentor_target,100.0,
B,Feed_Speed,PKG_B|RCP_2,mentor_target,250.0,
B,Coating_Uniformity,PKG_B|RCP_2,"opcond_OK_median (target 재계산, LSL/USL은 멘토값 유지)",98.819,
B,Laser_Current,PKG_B|RCP_2,opcond_OK_median,8.501,
B,Laser_Voltage,PKG_B|RCP_2,opcond_OK_median,24.007,
B,Laser_Power,PKG_B|RCP_3,mentor_target,18.5,
B,Power_Efficiency,PKG_B|RCP_3,mentor_target,95.0,
B,Focus,PKG_B|RCP_3,mentor_target,0.0,
B,Beam_Diameter,PKG_B|RCP_3,opcond_OK_median,34.988,
B,Kerf_Width_Profile,PKG_B|RCP_3,"opcond_OK_median (target 재계산, LSL/USL은 멘토값 유지)",50.09,
B,Top_Kerf,PKG_B|RCP_3,opcond_OK_median,50.0916,
B,Bottom_Kerf,PKG_B|RCP_3,opcond_OK_median,50.0971,
B,CLN_Time,PKG_B|RCP_3,opcond_OK_median (재분류: C->B),14.999,
B,Frequency,PKG_B|RCP_3,mentor_target,100.0,
B,Feed_Speed,PKG_B|RCP_3,mentor_target,250.0,
B,Coating_Uniformity,PKG_B|RCP_3,"opcond_OK_median (target 재계산, LSL/USL은 멘토값 유지)",98.797,
B,Laser_Current,PKG_B|RCP_3,opcond_OK_median,8.5,
B,Laser_Voltage,PKG_B|RCP_3,opcond_OK_median,23.998,
B,Laser_Power,PKG_B|RCP_4,mentor_target,18.5,
B,Power_Efficiency,PKG_B|RCP_4,mentor_target,95.0,
B,Focus,PKG_B|RCP_4,mentor_target,0.0,
B,Beam_Diameter,PKG_B|RCP_4,opcond_OK_median,34.987,
B,Kerf_Width_Profile,PKG_B|RCP_4,"opcond_OK_median (target 재계산, LSL/USL은 멘토값 유지)",50.0921,
B,Top_Kerf,PKG_B|RCP_4,opcond_OK_median,50.0865,
B,Bottom_Kerf,PKG_B|RCP_4,opcond_OK_median,50.0917,
B,CLN_Time,PKG_B|RCP_4,opcond_OK_median (재분류: C->B),14.997,
B,Frequency,PKG_B|RCP_4,mentor_target,100.0,
B,Feed_Speed,PKG_B|RCP_4,mentor_target,250.0,
B,Coating_Uniformity,PKG_B|RCP_4,"opcond_OK_median (target 재계산, LSL/USL은 멘토값 유지)",98.808,
B,Laser_Current,PKG_B|RCP_4,opcond_OK_median,8.502,
B,Laser_Voltage,PKG_B|RCP_4,opcond_OK_median,24.008,
B,Laser_Power,PKG_B|RCP_5,mentor_target,18.5,
B,Power_Efficiency,PKG_B|RCP_5,mentor_target,95.0,
B,Focus,PKG_B|RCP_5,mentor_target,0.0,
B,Beam_Diameter,PKG_B|RCP_5,opcond_OK_median,34.982,
B,Kerf_Width_Profile,PKG_B|RCP_5,"opcond_OK_median (target 재계산, LSL/USL은 멘토값 유지)",50.09575,
B,Top_Kerf,PKG_B|RCP_5,opcond_OK_median,50.09265,
B,Bottom_Kerf,PKG_B|RCP_5,opcond_OK_median,50.09385,
B,CLN_Time,PKG_B|RCP_5,opcond_OK_median (재분류: C->B),15.0035,
B,Frequency,PKG_B|RCP_5,mentor_target,100.0,
B,Feed_Speed,PKG_B|RCP_5,mentor_target,250.0,
B,Coating_Uniformity,PKG_B|RCP_5,"opcond_OK_median (target 재계산, LSL/USL은 멘토값 유지)",98.8075,
B,Laser_Current,PKG_B|RCP_5,opcond_OK_median,8.5035,
B,Laser_Voltage,PKG_B|RCP_5,opcond_OK_median,24.007,
B,Laser_Power,PKG_B|RCP_6,mentor_target,18.5,
B,Power_Efficiency,PKG_B|RCP_6,mentor_target,95.0,
B,Focus,PKG_B|RCP_6,mentor_target,0.0,
B,Beam_Diameter,PKG_B|RCP_6,opcond_OK_median,34.988,
B,Kerf_Width_Profile,PKG_B|RCP_6,"opcond_OK_median (target 재계산, LSL/USL은 멘토값 유지)",50.095,
B,Top_Kerf,PKG_B|RCP_6,opcond_OK_median,50.0921,
B,Bottom_Kerf,PKG_B|RCP_6,opcond_OK_median,50.0932,
B,CLN_Time,PKG_B|RCP_6,opcond_OK_median (재분류: C->B),15.026,
B,Frequency,PKG_B|RCP_6,mentor_target,100.0,
B,Feed_Speed,PKG_B|RCP_6,mentor_target,250.0,
B,Coating_Uniformity,PKG_B|RCP_6,"opcond_OK_median (target 재계산, LSL/USL은 멘토값 유지)",98.815,
B,Laser_Current,PKG_B|RCP_6,opcond_OK_median,8.501,
B,Laser_Voltage,PKG_B|RCP_6,opcond_OK_median,23.991,
B,Laser_Power,PKG_B|RCP_7,mentor_target,18.5,
B,Power_Efficiency,PKG_B|RCP_7,mentor_target,95.0,
B,Focus,PKG_B|RCP_7,mentor_target,0.0,
B,Beam_Diameter,PKG_B|RCP_7,opcond_OK_median,34.987,
B,Kerf_Width_Profile,PKG_B|RCP_7,"opcond_OK_median (target 재계산, LSL/USL은 멘토값 유지)",50.093,
B,Top_Kerf,PKG_B|RCP_7,opcond_OK_median,50.0892,
B,Bottom_Kerf,PKG_B|RCP_7,opcond_OK_median,50.0927,
B,CLN_Time,PKG_B|RCP_7,opcond_OK_median (재분류: C->B),15.026,
B,Frequency,PKG_B|RCP_7,mentor_target,100.0,
B,Feed_Speed,PKG_B|RCP_7,mentor_target,250.0,
B,Coating_Uniformity,PKG_B|RCP_7,"opcond_OK_median (target 재계산, LSL/USL은 멘토값 유지)",98.808,
B,Laser_Current,PKG_B|RCP_7,opcond_OK_median,8.507,
B,Laser_Voltage,PKG_B|RCP_7,opcond_OK_median,24.006,
B,Laser_Power,PKG_B|RCP_8,mentor_target,18.5,
B,Power_Efficiency,PKG_B|RCP_8,mentor_target,95.0,
B,Focus,PKG_B|RCP_8,mentor_target,0.0,
B,Beam_Diameter,PKG_B|RCP_8,opcond_OK_median,35.009,
B,Kerf_Width_Profile,PKG_B|RCP_8,"opcond_OK_median (target 재계산, LSL/USL은 멘토값 유지)",50.0966,
B,Top_Kerf,PKG_B|RCP_8,opcond_OK_median,50.0937,
B,Bottom_Kerf,PKG_B|RCP_8,opcond_OK_median,50.0967,
B,CLN_Time,PKG_B|RCP_8,opcond_OK_median (재분류: C->B),14.985,
B,Frequency,PKG_B|RCP_8,mentor_target,100.0,
B,Feed_Speed,PKG_B|RCP_8,mentor_target,250.0,
B,Coating_Uniformity,PKG_B|RCP_8,"opcond_OK_median (target 재계산, LSL/USL은 멘토값 유지)",98.815,
B,Laser_Current,PKG_B|RCP_8,opcond_OK_median,8.502,
B,Laser_Voltage,PKG_B|RCP_8,opcond_OK_median,23.994,
B,Laser_Power,PKG_B|RCP_9,mentor_target,18.5,
B,Power_Efficiency,PKG_B|RCP_9,mentor_target,95.0,
B,Focus,PKG_B|RCP_9,mentor_target,0.0,
B,Beam_Diameter,PKG_B|RCP_9,opcond_OK_median,35.01,
B,Kerf_Width_Profile,PKG_B|RCP_9,"opcond_OK_median (target 재계산, LSL/USL은 멘토값 유지)",50.0986,
B,Top_Kerf,PKG_B|RCP_9,opcond_OK_median,50.09315,
B,Bottom_Kerf,PKG_B|RCP_9,opcond_OK_median,50.0939,
B,CLN_Time,PKG_B|RCP_9,opcond_OK_median (재분류: C->B),14.9935,
B,Frequency,PKG_B|RCP_9,mentor_target,100.0,
B,Feed_Speed,PKG_B|RCP_9,mentor_target,250.0,
B,Coating_Uniformity,PKG_B|RCP_9,"opcond_OK_median (target 재계산, LSL/USL은 멘토값 유지)",98.81,
B,Laser_Current,PKG_B|RCP_9,opcond_OK_median,8.497,
B,Laser_Voltage,PKG_B|RCP_9,opcond_OK_median,24.0,
B,Laser_Power,PKG_C|RCP_1,mentor_target,18.5,
B,Power_Efficiency,PKG_C|RCP_1,mentor_target,95.0,
B,Focus,PKG_C|RCP_1,mentor_target,0.0,
B,Beam_Diameter,PKG_C|RCP_1,opcond_OK_median,35.007,
B,Kerf_Width_Profile,PKG_C|RCP_1,"opcond_OK_median (target 재계산, LSL/USL은 멘토값 유지)",50.0999,
B,Top_Kerf,PKG_C|RCP_1,opcond_OK_median,50.0922,
B,Bottom_Kerf,PKG_C|RCP_1,opcond_OK_median,50.0966,
B,CLN_Time,PKG_C|RCP_1,opcond_OK_median (재분류: C->B),14.994,
B,Frequency,PKG_C|RCP_1,mentor_target,100.0,
B,Feed_Speed,PKG_C|RCP_1,mentor_target,250.0,
B,Coating_Uniformity,PKG_C|RCP_1,"opcond_OK_median (target 재계산, LSL/USL은 멘토값 유지)",98.821,
B,Laser_Current,PKG_C|RCP_1,opcond_OK_median,8.498,
B,Laser_Voltage,PKG_C|RCP_1,opcond_OK_median,23.996,
B,Laser_Power,PKG_C|RCP_2,mentor_target,18.5,
B,Power_Efficiency,PKG_C|RCP_2,mentor_target,95.0,
B,Focus,PKG_C|RCP_2,mentor_target,0.0,
B,Beam_Diameter,PKG_C|RCP_2,opcond_OK_median,34.991,
B,Kerf_Width_Profile,PKG_C|RCP_2,"opcond_OK_median (target 재계산, LSL/USL은 멘토값 유지)",50.09805,
B,Top_Kerf,PKG_C|RCP_2,opcond_OK_median,50.0965,
B,Bottom_Kerf,PKG_C|RCP_2,opcond_OK_median,50.1006,
B,CLN_Time,PKG_C|RCP_2,opcond_OK_median (재분류: C->B),15.0055,
B,Frequency,PKG_C|RCP_2,mentor_target,100.0,
B,Feed_Speed,PKG_C|RCP_2,mentor_target,250.0,
B,Coating_Uniformity,PKG_C|RCP_2,"opcond_OK_median (target 재계산, LSL/USL은 멘토값 유지)",98.806,
B,Laser_Current,PKG_C|RCP_2,opcond_OK_median,8.498,
B,Laser_Voltage,PKG_C|RCP_2,opcond_OK_median,24.013,
B,Laser_Power,PKG_C|RCP_3,mentor_target,18.5,
B,Power_Efficiency,PKG_C|RCP_3,mentor_target,95.0,
B,Focus,PKG_C|RCP_3,mentor_target,0.0,
B,Beam_Diameter,PKG_C|RCP_3,opcond_OK_median,35.0,
B,Kerf_Width_Profile,PKG_C|RCP_3,"opcond_OK_median (target 재계산, LSL/USL은 멘토값 유지)",50.0908,
B,Top_Kerf,PKG_C|RCP_3,opcond_OK_median,50.09405,
B,Bottom_Kerf,PKG_C|RCP_3,opcond_OK_median,50.09405,
B,CLN_Time,PKG_C|RCP_3,opcond_OK_median (재분류: C->B),15.0305,
B,Frequency,PKG_C|RCP_3,mentor_target,100.0,
B,Feed_Speed,PKG_C|RCP_3,mentor_target,250.0,
B,Coating_Uniformity,PKG_C|RCP_3,"opcond_OK_median (target 재계산, LSL/USL은 멘토값 유지)",98.815,
B,Laser_Current,PKG_C|RCP_3,opcond_OK_median,8.497,
B,Laser_Voltage,PKG_C|RCP_3,opcond_OK_median,23.998,
B,Laser_Power,PKG_C|RCP_4,mentor_target,18.5,
B,Power_Efficiency,PKG_C|RCP_4,mentor_target,95.0,
B,Focus,PKG_C|RCP_4,mentor_target,0.0,
B,Beam_Diameter,PKG_C|RCP_4,opcond_OK_median,35.007,
B,Kerf_Width_Profile,PKG_C|RCP_4,"opcond_OK_median (target 재계산, LSL/USL은 멘토값 유지)",50.0952,
B,Top_Kerf,PKG_C|RCP_4,opcond_OK_median,50.0922,
B,Bottom_Kerf,PKG_C|RCP_4,opcond_OK_median,50.0906,
B,CLN_Time,PKG_C|RCP_4,opcond_OK_median (재분류: C->B),14.991,
B,Frequency,PKG_C|RCP_4,mentor_target,100.0,
B,Feed_Speed,PKG_C|RCP_4,mentor_target,250.0,
B,Coating_Uniformity,PKG_C|RCP_4,"opcond_OK_median (target 재계산, LSL/USL은 멘토값 유지)",98.806,
B,Laser_Current,PKG_C|RCP_4,opcond_OK_median,8.5,
B,Laser_Voltage,PKG_C|RCP_4,opcond_OK_median,24.014,
B,Laser_Power,PKG_C|RCP_5,mentor_target,18.5,
B,Power_Efficiency,PKG_C|RCP_5,mentor_target,95.0,
B,Focus,PKG_C|RCP_5,mentor_target,0.0,
B,Beam_Diameter,PKG_C|RCP_5,opcond_OK_median,34.998,
B,Kerf_Width_Profile,PKG_C|RCP_5,"opcond_OK_median (target 재계산, LSL/USL은 멘토값 유지)",50.0962,
B,Top_Kerf,PKG_C|RCP_5,opcond_OK_median,50.0959,
B,Bottom_Kerf,PKG_C|RCP_5,opcond_OK_median,50.0948,
B,CLN_Time,PKG_C|RCP_5,opcond_OK_median (재분류: C->B),15.009,
B,Frequency,PKG_C|RCP_5,mentor_target,100.0,
B,Feed_Speed,PKG_C|RCP_5,mentor_target,250.0,
B,Coating_Uniformity,PKG_C|RCP_5,"opcond_OK_median (target 재계산, LSL/USL은 멘토값 유지)",98.809,
B,Laser_Current,PKG_C|RCP_5,opcond_OK_median,8.5,
B,Laser_Voltage,PKG_C|RCP_5,opcond_OK_median,24.005,
B,Laser_Power,PKG_C|RCP_6,mentor_target,18.5,
B,Power_Efficiency,PKG_C|RCP_6,mentor_target,95.0,
B,Focus,PKG_C|RCP_6,mentor_target,0.0,
B,Beam_Diameter,PKG_C|RCP_6,opcond_OK_median,35.004,
B,Kerf_Width_Profile,PKG_C|RCP_6,"opcond_OK_median (target 재계산, LSL/USL은 멘토값 유지)",50.0923,
B,Top_Kerf,PKG_C|RCP_6,opcond_OK_median,50.0912,
B,Bottom_Kerf,PKG_C|RCP_6,opcond_OK_median,50.09505,
B,CLN_Time,PKG_C|RCP_6,opcond_OK_median (재분류: C->B),14.977,
B,Frequency,PKG_C|RCP_6,mentor_target,100.0,
B,Feed_Speed,PKG_C|RCP_6,mentor_target,250.0,
B,Coating_Uniformity,PKG_C|RCP_6,"opcond_OK_median (target 재계산, LSL/USL은 멘토값 유지)",98.8065,
B,Laser_Current,PKG_C|RCP_6,opcond_OK_median,8.4945,
B,Laser_Voltage,PKG_C|RCP_6,opcond_OK_median,24.005,
B,Laser_Power,PKG_C|RCP_7,mentor_target,18.5,
B,Power_Efficiency,PKG_C|RCP_7,mentor_target,95.0,
B,Focus,PKG_C|RCP_7,mentor_target,0.0,
B,Beam_Diameter,PKG_C|RCP_7,opcond_OK_median,34.994,
B,Kerf_Width_Profile,PKG_C|RCP_7,"opcond_OK_median (target 재계산, LSL/USL은 멘토값 유지)",50.09655,
B,Top_Kerf,PKG_C|RCP_7,opcond_OK_median,50.09225,
B,Bottom_Kerf,PKG_C|RCP_7,opcond_OK_median,50.0956,
B,CLN_Time,PKG_C|RCP_7,opcond_OK_median (재분류: C->B),14.992,
B,Frequency,PKG_C|RCP_7,mentor_target,100.0,
B,Feed_Speed,PKG_C|RCP_7,mentor_target,250.0,
B,Coating_Uniformity,PKG_C|RCP_7,"opcond_OK_median (target 재계산, LSL/USL은 멘토값 유지)",98.825,
B,Laser_Current,PKG_C|RCP_7,opcond_OK_median,8.5,
B,Laser_Voltage,PKG_C|RCP_7,opcond_OK_median,23.998,
B,Laser_Power,PKG_C|RCP_8,mentor_target,18.5,
B,Power_Efficiency,PKG_C|RCP_8,mentor_target,95.0,
B,Focus,PKG_C|RCP_8,mentor_target,0.0,
B,Beam_Diameter,PKG_C|RCP_8,opcond_OK_median,34.9955,
B,Kerf_Width_Profile,PKG_C|RCP_8,"opcond_OK_median (target 재계산, LSL/USL은 멘토값 유지)",50.0961,
B,Top_Kerf,PKG_C|RCP_8,opcond_OK_median,50.0931,
B,Bottom_Kerf,PKG_C|RCP_8,opcond_OK_median,50.1,
B,CLN_Time,PKG_C|RCP_8,opcond_OK_median (재분류: C->B),15.0255,
B,Frequency,PKG_C|RCP_8,mentor_target,100.0,
B,Feed_Speed,PKG_C|RCP_8,mentor_target,250.0,
B,Coating_Uniformity,PKG_C|RCP_8,"opcond_OK_median (target 재계산, LSL/USL은 멘토값 유지)",98.8205,
B,Laser_Current,PKG_C|RCP_8,opcond_OK_median,8.503,
B,Laser_Voltage,PKG_C|RCP_8,opcond_OK_median,23.988,
B,Laser_Power,PKG_C|RCP_9,mentor_target,18.5,
B,Power_Efficiency,PKG_C|RCP_9,mentor_target,95.0,
B,Focus,PKG_C|RCP_9,mentor_target,0.0,
B,Beam_Diameter,PKG_C|RCP_9,opcond_OK_median,35.01,
B,Kerf_Width_Profile,PKG_C|RCP_9,"opcond_OK_median (target 재계산, LSL/USL은 멘토값 유지)",50.08955,
B,Top_Kerf,PKG_C|RCP_9,opcond_OK_median,50.09135,
B,Bottom_Kerf,PKG_C|RCP_9,opcond_OK_median,50.0955,
B,CLN_Time,PKG_C|RCP_9,opcond_OK_median (재분류: C->B),15.016,
B,Frequency,PKG_C|RCP_9,mentor_target,100.0,
B,Feed_Speed,PKG_C|RCP_9,mentor_target,250.0,
B,Coating_Uniformity,PKG_C|RCP_9,"opcond_OK_median (target 재계산, LSL/USL은 멘토값 유지)",98.803,
B,Laser_Current,PKG_C|RCP_9,opcond_OK_median,8.502,
B,Laser_Voltage,PKG_C|RCP_9,opcond_OK_median,23.999,
B,Laser_Power,PKG_D|RCP_1,mentor_target,18.5,
B,Power_Efficiency,PKG_D|RCP_1,mentor_target,95.0,
B,Focus,PKG_D|RCP_1,mentor_target,0.0,
B,Beam_Diameter,PKG_D|RCP_1,opcond_OK_median,35.003,
B,Kerf_Width_Profile,PKG_D|RCP_1,"opcond_OK_median (target 재계산, LSL/USL은 멘토값 유지)",50.09385,
B,Top_Kerf,PKG_D|RCP_1,opcond_OK_median,50.093,
B,Bottom_Kerf,PKG_D|RCP_1,opcond_OK_median,50.09785,
B,CLN_Time,PKG_D|RCP_1,opcond_OK_median (재분류: C->B),15.0335,
B,Frequency,PKG_D|RCP_1,mentor_target,100.0,
B,Feed_Speed,PKG_D|RCP_1,mentor_target,250.0,
B,Coating_Uniformity,PKG_D|RCP_1,"opcond_OK_median (target 재계산, LSL/USL은 멘토값 유지)",98.801,
B,Laser_Current,PKG_D|RCP_1,opcond_OK_median,8.502,
B,Laser_Voltage,PKG_D|RCP_1,opcond_OK_median,23.998,
B,Laser_Power,PKG_D|RCP_2,mentor_target,18.5,
B,Power_Efficiency,PKG_D|RCP_2,mentor_target,95.0,
B,Focus,PKG_D|RCP_2,mentor_target,0.0,
B,Beam_Diameter,PKG_D|RCP_2,opcond_OK_median,35.016,
B,Kerf_Width_Profile,PKG_D|RCP_2,"opcond_OK_median (target 재계산, LSL/USL은 멘토값 유지)",50.0995,
B,Top_Kerf,PKG_D|RCP_2,opcond_OK_median,50.0965,
B,Bottom_Kerf,PKG_D|RCP_2,opcond_OK_median,50.0977,
B,CLN_Time,PKG_D|RCP_2,opcond_OK_median (재분류: C->B),14.997,
B,Frequency,PKG_D|RCP_2,mentor_target,100.0,
B,Feed_Speed,PKG_D|RCP_2,mentor_target,250.0,
B,Coating_Uniformity,PKG_D|RCP_2,"opcond_OK_median (target 재계산, LSL/USL은 멘토값 유지)",98.806,
B,Laser_Current,PKG_D|RCP_2,opcond_OK_median,8.499,
B,Laser_Voltage,PKG_D|RCP_2,opcond_OK_median,23.994,
B,Laser_Power,PKG_D|RCP_3,mentor_target,18.5,
B,Power_Efficiency,PKG_D|RCP_3,mentor_target,95.0,
B,Focus,PKG_D|RCP_3,mentor_target,0.0,
B,Beam_Diameter,PKG_D|RCP_3,opcond_OK_median,34.994,
B,Kerf_Width_Profile,PKG_D|RCP_3,"opcond_OK_median (target 재계산, LSL/USL은 멘토값 유지)",50.0962,
B,Top_Kerf,PKG_D|RCP_3,opcond_OK_median,50.0947,
B,Bottom_Kerf,PKG_D|RCP_3,opcond_OK_median,50.0942,
B,CLN_Time,PKG_D|RCP_3,opcond_OK_median (재분류: C->B),15.025,
B,Frequency,PKG_D|RCP_3,mentor_target,100.0,
B,Feed_Speed,PKG_D|RCP_3,mentor_target,250.0,
B,Coating_Uniformity,PKG_D|RCP_3,"opcond_OK_median (target 재계산, LSL/USL은 멘토값 유지)",98.814,
B,Laser_Current,PKG_D|RCP_3,opcond_OK_median,8.504,
B,Laser_Voltage,PKG_D|RCP_3,opcond_OK_median,24.006,
B,Laser_Power,PKG_D|RCP_4,mentor_target,18.5,
B,Power_Efficiency,PKG_D|RCP_4,mentor_target,95.0,
B,Focus,PKG_D|RCP_4,mentor_target,0.0,
B,Beam_Diameter,PKG_D|RCP_4,opcond_OK_median,34.994,
B,Kerf_Width_Profile,PKG_D|RCP_4,"opcond_OK_median (target 재계산, LSL/USL은 멘토값 유지)",50.0946,
B,Top_Kerf,PKG_D|RCP_4,opcond_OK_median,50.0955,
B,Bottom_Kerf,PKG_D|RCP_4,opcond_OK_median,50.096,
B,CLN_Time,PKG_D|RCP_4,opcond_OK_median (재분류: C->B),15.035,
B,Frequency,PKG_D|RCP_4,mentor_target,100.0,
B,Feed_Speed,PKG_D|RCP_4,mentor_target,250.0,
B,Coating_Uniformity,PKG_D|RCP_4,"opcond_OK_median (target 재계산, LSL/USL은 멘토값 유지)",98.799,
B,Laser_Current,PKG_D|RCP_4,opcond_OK_median,8.502,
B,Laser_Voltage,PKG_D|RCP_4,opcond_OK_median,24.012,
B,Laser_Power,PKG_D|RCP_5,mentor_target,18.5,
B,Power_Efficiency,PKG_D|RCP_5,mentor_target,95.0,
B,Focus,PKG_D|RCP_5,mentor_target,0.0,
B,Beam_Diameter,PKG_D|RCP_5,opcond_OK_median,35.003,
B,Kerf_Width_Profile,PKG_D|RCP_5,"opcond_OK_median (target 재계산, LSL/USL은 멘토값 유지)",50.0975,
B,Top_Kerf,PKG_D|RCP_5,opcond_OK_median,50.0961,
B,Bottom_Kerf,PKG_D|RCP_5,opcond_OK_median,50.0925,
B,CLN_Time,PKG_D|RCP_5,opcond_OK_median (재분류: C->B),14.996,
B,Frequency,PKG_D|RCP_5,mentor_target,100.0,
B,Feed_Speed,PKG_D|RCP_5,mentor_target,250.0,
B,Coating_Uniformity,PKG_D|RCP_5,"opcond_OK_median (target 재계산, LSL/USL은 멘토값 유지)",98.815,
B,Laser_Current,PKG_D|RCP_5,opcond_OK_median,8.498,
B,Laser_Voltage,PKG_D|RCP_5,opcond_OK_median,23.996,
B,Laser_Power,PKG_D|RCP_6,mentor_target,18.5,
B,Power_Efficiency,PKG_D|RCP_6,mentor_target,95.0,
B,Focus,PKG_D|RCP_6,mentor_target,0.0,
B,Beam_Diameter,PKG_D|RCP_6,opcond_OK_median,34.988,
B,Kerf_Width_Profile,PKG_D|RCP_6,"opcond_OK_median (target 재계산, LSL/USL은 멘토값 유지)",50.09575,
B,Top_Kerf,PKG_D|RCP_6,opcond_OK_median,50.0944,
B,Bottom_Kerf,PKG_D|RCP_6,opcond_OK_median,50.0911,
B,CLN_Time,PKG_D|RCP_6,opcond_OK_median (재분류: C->B),14.981,
B,Frequency,PKG_D|RCP_6,mentor_target,100.0,
B,Feed_Speed,PKG_D|RCP_6,mentor_target,250.0,
B,Coating_Uniformity,PKG_D|RCP_6,"opcond_OK_median (target 재계산, LSL/USL은 멘토값 유지)",98.814,
B,Laser_Current,PKG_D|RCP_6,opcond_OK_median,8.5,
B,Laser_Voltage,PKG_D|RCP_6,opcond_OK_median,23.9975,
B,Laser_Power,PKG_D|RCP_7,mentor_target,18.5,
B,Power_Efficiency,PKG_D|RCP_7,mentor_target,95.0,
B,Focus,PKG_D|RCP_7,mentor_target,0.0,
B,Beam_Diameter,PKG_D|RCP_7,opcond_OK_median,35.005,
B,Kerf_Width_Profile,PKG_D|RCP_7,"opcond_OK_median (target 재계산, LSL/USL은 멘토값 유지)",50.0935,
B,Top_Kerf,PKG_D|RCP_7,opcond_OK_median,50.0936,
B,Bottom_Kerf,PKG_D|RCP_7,opcond_OK_median,50.0932,
B,CLN_Time,PKG_D|RCP_7,opcond_OK_median (재분류: C->B),15.032,
B,Frequency,PKG_D|RCP_7,mentor_target,100.0,
B,Feed_Speed,PKG_D|RCP_7,mentor_target,250.0,
B,Coating_Uniformity,PKG_D|RCP_7,"opcond_OK_median (target 재계산, LSL/USL은 멘토값 유지)",98.799,
B,Laser_Current,PKG_D|RCP_7,opcond_OK_median,8.498,
B,Laser_Voltage,PKG_D|RCP_7,opcond_OK_median,23.99,
B,Laser_Power,PKG_D|RCP_8,mentor_target,18.5,
B,Power_Efficiency,PKG_D|RCP_8,mentor_target,95.0,
B,Focus,PKG_D|RCP_8,mentor_target,0.0,
B,Beam_Diameter,PKG_D|RCP_8,opcond_OK_median,34.984,
B,Kerf_Width_Profile,PKG_D|RCP_8,"opcond_OK_median (target 재계산, LSL/USL은 멘토값 유지)",50.0963,
B,Top_Kerf,PKG_D|RCP_8,opcond_OK_median,50.0941,
B,Bottom_Kerf,PKG_D|RCP_8,opcond_OK_median,50.0941,
B,CLN_Time,PKG_D|RCP_8,opcond_OK_median (재분류: C->B),15.011,
B,Frequency,PKG_D|RCP_8,mentor_target,100.0,
B,Feed_Speed,PKG_D|RCP_8,mentor_target,250.0,
B,Coating_Uniformity,PKG_D|RCP_8,"opcond_OK_median (target 재계산, LSL/USL은 멘토값 유지)",98.805,
B,Laser_Current,PKG_D|RCP_8,opcond_OK_median,8.504,
B,Laser_Voltage,PKG_D|RCP_8,opcond_OK_median,24.005,
B,Laser_Power,PKG_D|RCP_9,mentor_target,18.5,
B,Power_Efficiency,PKG_D|RCP_9,mentor_target,95.0,
B,Focus,PKG_D|RCP_9,mentor_target,0.0,
B,Beam_Diameter,PKG_D|RCP_9,opcond_OK_median,34.992,
B,Kerf_Width_Profile,PKG_D|RCP_9,"opcond_OK_median (target 재계산, LSL/USL은 멘토값 유지)",50.0943,
B,Top_Kerf,PKG_D|RCP_9,opcond_OK_median,50.0912,
B,Bottom_Kerf,PKG_D|RCP_9,opcond_OK_median,50.0951,
B,CLN_Time,PKG_D|RCP_9,opcond_OK_median (재분류: C->B),14.9985,
B,Frequency,PKG_D|RCP_9,mentor_target,100.0,
B,Feed_Speed,PKG_D|RCP_9,mentor_target,250.0,
B,Coating_Uniformity,PKG_D|RCP_9,"opcond_OK_median (target 재계산, LSL/USL은 멘토값 유지)",98.797,
B,Laser_Current,PKG_D|RCP_9,opcond_OK_median,8.502,
B,Laser_Voltage,PKG_D|RCP_9,opcond_OK_median,23.999,
B,Laser_Power,PKG_E|RCP_1,mentor_target,18.5,
B,Power_Efficiency,PKG_E|RCP_1,mentor_target,95.0,
B,Focus,PKG_E|RCP_1,mentor_target,0.0,
B,Beam_Diameter,PKG_E|RCP_1,opcond_OK_median,34.992,
B,Kerf_Width_Profile,PKG_E|RCP_1,"opcond_OK_median (target 재계산, LSL/USL은 멘토값 유지)",50.0917,
B,Top_Kerf,PKG_E|RCP_1,opcond_OK_median,50.0927,
B,Bottom_Kerf,PKG_E|RCP_1,opcond_OK_median,50.0945,
B,CLN_Time,PKG_E|RCP_1,opcond_OK_median (재분류: C->B),14.989,
B,Frequency,PKG_E|RCP_1,mentor_target,100.0,
B,Feed_Speed,PKG_E|RCP_1,mentor_target,250.0,
B,Coating_Uniformity,PKG_E|RCP_1,"opcond_OK_median (target 재계산, LSL/USL은 멘토값 유지)",98.809,
B,Laser_Current,PKG_E|RCP_1,opcond_OK_median,8.507,
B,Laser_Voltage,PKG_E|RCP_1,opcond_OK_median,24.007,
B,Laser_Power,PKG_E|RCP_2,mentor_target,18.5,
B,Power_Efficiency,PKG_E|RCP_2,mentor_target,95.0,
B,Focus,PKG_E|RCP_2,mentor_target,0.0,
B,Beam_Diameter,PKG_E|RCP_2,opcond_OK_median,34.985,
B,Kerf_Width_Profile,PKG_E|RCP_2,"opcond_OK_median (target 재계산, LSL/USL은 멘토값 유지)",50.09105,
B,Top_Kerf,PKG_E|RCP_2,opcond_OK_median,50.08535,
B,Bottom_Kerf,PKG_E|RCP_2,opcond_OK_median,50.08885,
B,CLN_Time,PKG_E|RCP_2,opcond_OK_median (재분류: C->B),15.036,
B,Frequency,PKG_E|RCP_2,mentor_target,100.0,
B,Feed_Speed,PKG_E|RCP_2,mentor_target,250.0,
B,Coating_Uniformity,PKG_E|RCP_2,"opcond_OK_median (target 재계산, LSL/USL은 멘토값 유지)",98.812,
B,Laser_Current,PKG_E|RCP_2,opcond_OK_median,8.501,
B,Laser_Voltage,PKG_E|RCP_2,opcond_OK_median,24.001,
B,Laser_Power,PKG_E|RCP_3,mentor_target,18.5,
B,Power_Efficiency,PKG_E|RCP_3,mentor_target,95.0,
B,Focus,PKG_E|RCP_3,mentor_target,0.0,
B,Beam_Diameter,PKG_E|RCP_3,opcond_OK_median,34.9945,
B,Kerf_Width_Profile,PKG_E|RCP_3,"opcond_OK_median (target 재계산, LSL/USL은 멘토값 유지)",50.09425,
B,Top_Kerf,PKG_E|RCP_3,opcond_OK_median,50.0913,
B,Bottom_Kerf,PKG_E|RCP_3,opcond_OK_median,50.0887,
B,CLN_Time,PKG_E|RCP_3,opcond_OK_median (재분류: C->B),14.9955,
B,Frequency,PKG_E|RCP_3,mentor_target,100.0,
B,Feed_Speed,PKG_E|RCP_3,mentor_target,250.0,
B,Coating_Uniformity,PKG_E|RCP_3,"opcond_OK_median (target 재계산, LSL/USL은 멘토값 유지)",98.801,
B,Laser_Current,PKG_E|RCP_3,opcond_OK_median,8.5,
B,Laser_Voltage,PKG_E|RCP_3,opcond_OK_median,24.0145,
B,Laser_Power,PKG_E|RCP_4,mentor_target,18.5,
B,Power_Efficiency,PKG_E|RCP_4,mentor_target,95.0,
B,Focus,PKG_E|RCP_4,mentor_target,0.0,
B,Beam_Diameter,PKG_E|RCP_4,opcond_OK_median,35.011,
B,Kerf_Width_Profile,PKG_E|RCP_4,"opcond_OK_median (target 재계산, LSL/USL은 멘토값 유지)",50.0962,
B,Top_Kerf,PKG_E|RCP_4,opcond_OK_median,50.0974,
B,Bottom_Kerf,PKG_E|RCP_4,opcond_OK_median,50.0941,
B,CLN_Time,PKG_E|RCP_4,opcond_OK_median (재분류: C->B),14.975,
B,Frequency,PKG_E|RCP_4,mentor_target,100.0,
B,Feed_Speed,PKG_E|RCP_4,mentor_target,250.0,
B,Coating_Uniformity,PKG_E|RCP_4,"opcond_OK_median (target 재계산, LSL/USL은 멘토값 유지)",98.821,
B,Laser_Current,PKG_E|RCP_4,opcond_OK_median,8.5,
B,Laser_Voltage,PKG_E|RCP_4,opcond_OK_median,24.013,
B,Laser_Power,PKG_E|RCP_5,mentor_target,18.5,
B,Power_Efficiency,PKG_E|RCP_5,mentor_target,95.0,
B,Focus,PKG_E|RCP_5,mentor_target,0.0,
B,Beam_Diameter,PKG_E|RCP_5,opcond_OK_median,35.005,
B,Kerf_Width_Profile,PKG_E|RCP_5,"opcond_OK_median (target 재계산, LSL/USL은 멘토값 유지)",50.0904,
B,Top_Kerf,PKG_E|RCP_5,opcond_OK_median,50.09185,
B,Bottom_Kerf,PKG_E|RCP_5,opcond_OK_median,50.09135,
B,CLN_Time,PKG_E|RCP_5,opcond_OK_median (재분류: C->B),14.9915,
B,Frequency,PKG_E|RCP_5,mentor_target,100.0,
B,Feed_Speed,PKG_E|RCP_5,mentor_target,250.0,
B,Coating_Uniformity,PKG_E|RCP_5,"opcond_OK_median (target 재계산, LSL/USL은 멘토값 유지)",98.8015,
B,Laser_Current,PKG_E|RCP_5,opcond_OK_median,8.5,
B,Laser_Voltage,PKG_E|RCP_5,opcond_OK_median,24.0,
B,Laser_Power,PKG_E|RCP_6,mentor_target,18.5,
B,Power_Efficiency,PKG_E|RCP_6,mentor_target,95.0,
B,Focus,PKG_E|RCP_6,mentor_target,0.0,
B,Beam_Diameter,PKG_E|RCP_6,opcond_OK_median,34.994,
B,Kerf_Width_Profile,PKG_E|RCP_6,"opcond_OK_median (target 재계산, LSL/USL은 멘토값 유지)",50.0993,
B,Top_Kerf,PKG_E|RCP_6,opcond_OK_median,50.09135,
B,Bottom_Kerf,PKG_E|RCP_6,opcond_OK_median,50.0982,
B,CLN_Time,PKG_E|RCP_6,opcond_OK_median (재분류: C->B),14.991,
B,Frequency,PKG_E|RCP_6,mentor_target,100.0,
B,Feed_Speed,PKG_E|RCP_6,mentor_target,250.0,
B,Coating_Uniformity,PKG_E|RCP_6,"opcond_OK_median (target 재계산, LSL/USL은 멘토값 유지)",98.817,
B,Laser_Current,PKG_E|RCP_6,opcond_OK_median,8.5075,
B,Laser_Voltage,PKG_E|RCP_6,opcond_OK_median,23.9895,
B,Laser_Power,PKG_E|RCP_7,mentor_target,18.5,
B,Power_Efficiency,PKG_E|RCP_7,mentor_target,95.0,
B,Focus,PKG_E|RCP_7,mentor_target,0.0,
B,Beam_Diameter,PKG_E|RCP_7,opcond_OK_median,34.994,
B,Kerf_Width_Profile,PKG_E|RCP_7,"opcond_OK_median (target 재계산, LSL/USL은 멘토값 유지)",50.0942,
B,Top_Kerf,PKG_E|RCP_7,opcond_OK_median,50.09345,
B,Bottom_Kerf,PKG_E|RCP_7,opcond_OK_median,50.0919,
B,CLN_Time,PKG_E|RCP_7,opcond_OK_median (재분류: C->B),14.9775,
B,Frequency,PKG_E|RCP_7,mentor_target,100.0,
B,Feed_Speed,PKG_E|RCP_7,mentor_target,250.0,
B,Coating_Uniformity,PKG_E|RCP_7,"opcond_OK_median (target 재계산, LSL/USL은 멘토값 유지)",98.8065,
B,Laser_Current,PKG_E|RCP_7,opcond_OK_median,8.499,
B,Laser_Voltage,PKG_E|RCP_7,opcond_OK_median,23.993,
B,Laser_Power,PKG_E|RCP_8,mentor_target,18.5,
B,Power_Efficiency,PKG_E|RCP_8,mentor_target,95.0,
B,Focus,PKG_E|RCP_8,mentor_target,0.0,
B,Beam_Diameter,PKG_E|RCP_8,opcond_OK_median,34.995,
B,Kerf_Width_Profile,PKG_E|RCP_8,"opcond_OK_median (target 재계산, LSL/USL은 멘토값 유지)",50.09395,
B,Top_Kerf,PKG_E|RCP_8,opcond_OK_median,50.09315,
B,Bottom_Kerf,PKG_E|RCP_8,opcond_OK_median,50.09085,
B,CLN_Time,PKG_E|RCP_8,opcond_OK_median (재분류: C->B),14.987,
B,Frequency,PKG_E|RCP_8,mentor_target,100.0,
B,Feed_Speed,PKG_E|RCP_8,mentor_target,250.0,
B,Coating_Uniformity,PKG_E|RCP_8,"opcond_OK_median (target 재계산, LSL/USL은 멘토값 유지)",98.806,
B,Laser_Current,PKG_E|RCP_8,opcond_OK_median,8.496,
B,Laser_Voltage,PKG_E|RCP_8,opcond_OK_median,23.998,
B,Laser_Power,PKG_E|RCP_9,mentor_target,18.5,
B,Power_Efficiency,PKG_E|RCP_9,mentor_target,95.0,
B,Focus,PKG_E|RCP_9,mentor_target,0.0,
B,Beam_Diameter,PKG_E|RCP_9,opcond_OK_median,34.999,
B,Kerf_Width_Profile,PKG_E|RCP_9,"opcond_OK_median (target 재계산, LSL/USL은 멘토값 유지)",50.0957,
B,Top_Kerf,PKG_E|RCP_9,opcond_OK_median,50.0922,
B,Bottom_Kerf,PKG_E|RCP_9,opcond_OK_median,50.0937,
B,CLN_Time,PKG_E|RCP_9,opcond_OK_median (재분류: C->B),15.005,
B,Frequency,PKG_E|RCP_9,mentor_target,100.0,
B,Feed_Speed,PKG_E|RCP_9,mentor_target,250.0,
B,Coating_Uniformity,PKG_E|RCP_9,"opcond_OK_median (target 재계산, LSL/USL은 멘토값 유지)",98.815,
B,Laser_Current,PKG_E|RCP_9,opcond_OK_median,8.5,
B,Laser_Voltage,PKG_E|RCP_9,opcond_OK_median,24.004,
B,Laser_Power,PKG_F|RCP_1,mentor_target,18.5,
B,Power_Efficiency,PKG_F|RCP_1,mentor_target,95.0,
B,Focus,PKG_F|RCP_1,mentor_target,0.0,
B,Beam_Diameter,PKG_F|RCP_1,opcond_OK_median,35.003,
B,Kerf_Width_Profile,PKG_F|RCP_1,"opcond_OK_median (target 재계산, LSL/USL은 멘토값 유지)",50.09735,
B,Top_Kerf,PKG_F|RCP_1,opcond_OK_median,50.09575,
B,Bottom_Kerf,PKG_F|RCP_1,opcond_OK_median,50.0942,
B,CLN_Time,PKG_F|RCP_1,opcond_OK_median (재분류: C->B),15.009,
B,Frequency,PKG_F|RCP_1,mentor_target,100.0,
B,Feed_Speed,PKG_F|RCP_1,mentor_target,250.0,
B,Coating_Uniformity,PKG_F|RCP_1,"opcond_OK_median (target 재계산, LSL/USL은 멘토값 유지)",98.8225,
B,Laser_Current,PKG_F|RCP_1,opcond_OK_median,8.501,
B,Laser_Voltage,PKG_F|RCP_1,opcond_OK_median,23.9965,
B,Laser_Power,PKG_F|RCP_2,mentor_target,18.5,
B,Power_Efficiency,PKG_F|RCP_2,mentor_target,95.0,
B,Focus,PKG_F|RCP_2,mentor_target,0.0,
B,Beam_Diameter,PKG_F|RCP_2,opcond_OK_median,34.998,
B,Kerf_Width_Profile,PKG_F|RCP_2,"opcond_OK_median (target 재계산, LSL/USL은 멘토값 유지)",50.0962,
B,Top_Kerf,PKG_F|RCP_2,opcond_OK_median,50.0956,
B,Bottom_Kerf,PKG_F|RCP_2,opcond_OK_median,50.0946,
B,CLN_Time,PKG_F|RCP_2,opcond_OK_median (재분류: C->B),15.009,
B,Frequency,PKG_F|RCP_2,mentor_target,100.0,
B,Feed_Speed,PKG_F|RCP_2,mentor_target,250.0,
B,Coating_Uniformity,PKG_F|RCP_2,"opcond_OK_median (target 재계산, LSL/USL은 멘토값 유지)",98.816,
B,Laser_Current,PKG_F|RCP_2,opcond_OK_median,8.506,
B,Laser_Voltage,PKG_F|RCP_2,opcond_OK_median,24.002,
B,Laser_Power,PKG_F|RCP_3,mentor_target,18.5,
B,Power_Efficiency,PKG_F|RCP_3,mentor_target,95.0,
B,Focus,PKG_F|RCP_3,mentor_target,0.0,
B,Beam_Diameter,PKG_F|RCP_3,opcond_OK_median,35.0,
B,Kerf_Width_Profile,PKG_F|RCP_3,"opcond_OK_median (target 재계산, LSL/USL은 멘토값 유지)",50.09165,
B,Top_Kerf,PKG_F|RCP_3,opcond_OK_median,50.08905,
B,Bottom_Kerf,PKG_F|RCP_3,opcond_OK_median,50.0943,
B,CLN_Time,PKG_F|RCP_3,opcond_OK_median (재분류: C->B),15.0245,
B,Frequency,PKG_F|RCP_3,mentor_target,100.0,
B,Feed_Speed,PKG_F|RCP_3,mentor_target,250.0,
B,Coating_Uniformity,PKG_F|RCP_3,"opcond_OK_median (target 재계산, LSL/USL은 멘토값 유지)",98.7955,
B,Laser_Current,PKG_F|RCP_3,opcond_OK_median,8.497,
B,Laser_Voltage,PKG_F|RCP_3,opcond_OK_median,24.0,
B,Laser_Power,PKG_F|RCP_4,mentor_target,18.5,
B,Power_Efficiency,PKG_F|RCP_4,mentor_target,95.0,
B,Focus,PKG_F|RCP_4,mentor_target,0.0,
B,Beam_Diameter,PKG_F|RCP_4,opcond_OK_median,35.0245,
B,Kerf_Width_Profile,PKG_F|RCP_4,"opcond_OK_median (target 재계산, LSL/USL은 멘토값 유지)",50.09615,
B,Top_Kerf,PKG_F|RCP_4,opcond_OK_median,50.0972,
B,Bottom_Kerf,PKG_F|RCP_4,opcond_OK_median,50.09775,
B,CLN_Time,PKG_F|RCP_4,opcond_OK_median (재분류: C->B),14.975,
B,Frequency,PKG_F|RCP_4,mentor_target,100.0,
B,Feed_Speed,PKG_F|RCP_4,mentor_target,250.0,
B,Coating_Uniformity,PKG_F|RCP_4,"opcond_OK_median (target 재계산, LSL/USL은 멘토값 유지)",98.8115,
B,Laser_Current,PKG_F|RCP_4,opcond_OK_median,8.501,
B,Laser_Voltage,PKG_F|RCP_4,opcond_OK_median,24.0035,
B,Laser_Power,PKG_F|RCP_5,mentor_target,18.5,
B,Power_Efficiency,PKG_F|RCP_5,mentor_target,95.0,
B,Focus,PKG_F|RCP_5,mentor_target,0.0,
B,Beam_Diameter,PKG_F|RCP_5,opcond_OK_median,35.011,
B,Kerf_Width_Profile,PKG_F|RCP_5,"opcond_OK_median (target 재계산, LSL/USL은 멘토값 유지)",50.0993,
B,Top_Kerf,PKG_F|RCP_5,opcond_OK_median,50.0952,
B,Bottom_Kerf,PKG_F|RCP_5,opcond_OK_median,50.0991,
B,CLN_Time,PKG_F|RCP_5,opcond_OK_median (재분류: C->B),15.005,
B,Frequency,PKG_F|RCP_5,mentor_target,100.0,
B,Feed_Speed,PKG_F|RCP_5,mentor_target,250.0,
B,Coating_Uniformity,PKG_F|RCP_5,"opcond_OK_median (target 재계산, LSL/USL은 멘토값 유지)",98.82,
B,Laser_Current,PKG_F|RCP_5,opcond_OK_median,8.502,
B,Laser_Voltage,PKG_F|RCP_5,opcond_OK_median,23.996,
B,Laser_Power,PKG_F|RCP_6,mentor_target,18.5,
B,Power_Efficiency,PKG_F|RCP_6,mentor_target,95.0,
B,Focus,PKG_F|RCP_6,mentor_target,0.0,
B,Beam_Diameter,PKG_F|RCP_6,opcond_OK_median,34.99,
B,Kerf_Width_Profile,PKG_F|RCP_6,"opcond_OK_median (target 재계산, LSL/USL은 멘토값 유지)",50.0941,
B,Top_Kerf,PKG_F|RCP_6,opcond_OK_median,50.0918,
B,Bottom_Kerf,PKG_F|RCP_6,opcond_OK_median,50.0967,
B,CLN_Time,PKG_F|RCP_6,opcond_OK_median (재분류: C->B),14.978,
B,Frequency,PKG_F|RCP_6,mentor_target,100.0,
B,Feed_Speed,PKG_F|RCP_6,mentor_target,250.0,
B,Coating_Uniformity,PKG_F|RCP_6,"opcond_OK_median (target 재계산, LSL/USL은 멘토값 유지)",98.797,
B,Laser_Current,PKG_F|RCP_6,opcond_OK_median,8.498,
B,Laser_Voltage,PKG_F|RCP_6,opcond_OK_median,23.995,
B,Laser_Power,PKG_F|RCP_7,mentor_target,18.5,
B,Power_Efficiency,PKG_F|RCP_7,mentor_target,95.0,
B,Focus,PKG_F|RCP_7,mentor_target,0.0,
B,Beam_Diameter,PKG_F|RCP_7,opcond_OK_median,35.0005,
B,Kerf_Width_Profile,PKG_F|RCP_7,"opcond_OK_median (target 재계산, LSL/USL은 멘토값 유지)",50.09825,
B,Top_Kerf,PKG_F|RCP_7,opcond_OK_median,50.09195,
B,Bottom_Kerf,PKG_F|RCP_7,opcond_OK_median,50.1,
B,CLN_Time,PKG_F|RCP_7,opcond_OK_median (재분류: C->B),14.971,
B,Frequency,PKG_F|RCP_7,mentor_target,100.0,
B,Feed_Speed,PKG_F|RCP_7,mentor_target,250.0,
B,Coating_Uniformity,PKG_F|RCP_7,"opcond_OK_median (target 재계산, LSL/USL은 멘토값 유지)",98.804,
B,Laser_Current,PKG_F|RCP_7,opcond_OK_median,8.4995,
B,Laser_Voltage,PKG_F|RCP_7,opcond_OK_median,24.002,
B,Laser_Power,PKG_F|RCP_8,mentor_target,18.5,
B,Power_Efficiency,PKG_F|RCP_8,mentor_target,95.0,
B,Focus,PKG_F|RCP_8,mentor_target,0.0,
B,Beam_Diameter,PKG_F|RCP_8,opcond_OK_median,35.005,
B,Kerf_Width_Profile,PKG_F|RCP_8,"opcond_OK_median (target 재계산, LSL/USL은 멘토값 유지)",50.08715,
B,Top_Kerf,PKG_F|RCP_8,opcond_OK_median,50.08725,
B,Bottom_Kerf,PKG_F|RCP_8,opcond_OK_median,50.0913,
B,CLN_Time,PKG_F|RCP_8,opcond_OK_median (재분류: C->B),15.0215,
B,Frequency,PKG_F|RCP_8,mentor_target,100.0,
B,Feed_Speed,PKG_F|RCP_8,mentor_target,250.0,
B,Coating_Uniformity,PKG_F|RCP_8,"opcond_OK_median (target 재계산, LSL/USL은 멘토값 유지)",98.805,
B,Laser_Current,PKG_F|RCP_8,opcond_OK_median,8.5,
B,Laser_Voltage,PKG_F|RCP_8,opcond_OK_median,23.996,
B,Laser_Power,PKG_F|RCP_9,mentor_target,18.5,
B,Power_Efficiency,PKG_F|RCP_9,mentor_target,95.0,
B,Focus,PKG_F|RCP_9,mentor_target,0.0,
B,Beam_Diameter,PKG_F|RCP_9,opcond_OK_median,35.001,
B,Kerf_Width_Profile,PKG_F|RCP_9,"opcond_OK_median (target 재계산, LSL/USL은 멘토값 유지)",50.0927,
B,Top_Kerf,PKG_F|RCP_9,opcond_OK_median,50.0891,
B,Bottom_Kerf,PKG_F|RCP_9,opcond_OK_median,50.0898,
B,CLN_Time,PKG_F|RCP_9,opcond_OK_median (재분류: C->B),15.016,
B,Frequency,PKG_F|RCP_9,mentor_target,100.0,
B,Feed_Speed,PKG_F|RCP_9,mentor_target,250.0,
B,Coating_Uniformity,PKG_F|RCP_9,"opcond_OK_median (target 재계산, LSL/USL은 멘토값 유지)",98.82,
B,Laser_Current,PKG_F|RCP_9,opcond_OK_median,8.5,
B,Laser_Voltage,PKG_F|RCP_9,opcond_OK_median,23.998,
