defect,factor,role,owner,dispute_type,owner_verdict,jun_verdict,final_status,delta_pure,delta_original,delta_r1,dispute_reason,resolution_needed
Chipping,Bottom_Kerf,감시지표(관찰만),JHdaimma,도메인_미확인,confirmed,needs_domain_review,confirmed_monitor,0.9272,,0.9565,"통계 결과는 양쪽이 같다. Jun 통합본은 이 컬럼이 팀 HealthIndex 원안 문서에 설명이 없어 도메인 판단을 보류(candidate_needs_domain_review)한 것이고, 담당자는 데이터 근거로 확정했다. → 멘토에게 '이 컬럼이 무엇을 재는 값인지' 확인받으면 즉시 해소되는 종류의 불일치.",멘토에게 컬럼 정의 확인
Chipping,Laser_Cleaning_Demand,감시지표(관찰만),JHdaimma,도메인_미확인,confirmed,needs_domain_review,confirmed_monitor,-0.8622,,-0.8965,"통계 결과는 양쪽이 같다. Jun 통합본은 이 컬럼이 팀 HealthIndex 원안 문서에 설명이 없어 도메인 판단을 보류(candidate_needs_domain_review)한 것이고, 담당자는 데이터 근거로 확정했다. → 멘토에게 '이 컬럼이 무엇을 재는 값인지' 확인받으면 즉시 해소되는 종류의 불일치.",멘토에게 컬럼 정의 확인
Chipping,Package_Size_Asymmetry,감시지표(관찰만),JHdaimma,도메인_미확인,confirmed,needs_domain_review,confirmed_monitor,0.6005,,0.639,"통계 결과는 양쪽이 같다. Jun 통합본은 이 컬럼이 팀 HealthIndex 원안 문서에 설명이 없어 도메인 판단을 보류(candidate_needs_domain_review)한 것이고, 담당자는 데이터 근거로 확정했다. → 멘토에게 '이 컬럼이 무엇을 재는 값인지' 확인받으면 즉시 해소되는 종류의 불일치.",멘토에게 컬럼 정의 확인
Chipping,Surface_Roughness,감시지표(결과공변·사후),JHdaimma,도메인_미확인,confirmed,needs_domain_review,confirmed_monitor,0.3982,,0.4848,"통계 결과는 양쪽이 같다. Jun 통합본은 이 컬럼이 팀 HealthIndex 원안 문서에 설명이 없어 도메인 판단을 보류(candidate_needs_domain_review)한 것이고, 담당자는 데이터 근거로 확정했다. → 멘토에게 '이 컬럼이 무엇을 재는 값인지' 확인받으면 즉시 해소되는 종류의 불일치.",멘토에게 컬럼 정의 확인
Chipping,Top_Kerf,감시지표(관찰만),JHdaimma,도메인_미확인,confirmed,needs_domain_review,confirmed_monitor,0.926,,0.9537,"통계 결과는 양쪽이 같다. Jun 통합본은 이 컬럼이 팀 HealthIndex 원안 문서에 설명이 없어 도메인 판단을 보류(candidate_needs_domain_review)한 것이고, 담당자는 데이터 근거로 확정했다. → 멘토에게 '이 컬럼이 무엇을 재는 값인지' 확인받으면 즉시 해소되는 종류의 불일치.",멘토에게 컬럼 정의 확인
Chipping,Groove_Depth,감시지표(관찰만),JHdaimma,판정_충돌,confirmed,candidate,confirmed_monitor,-0.7504,,-0.7863,JHdaimma는 도메인 확정(설계서 C유형 명시) + 단변량 통과로 confirmed. Jun은 n_methods=1(RF·SHAP 탈락)이라 Tier3_약한신호. 다변량에서 Laser_Power와 정보가 겹치는지 확인 필요.,팀 회의에서 방법론 정합 후 재판정
Chipping,Laser_Centering_Position,원인(조치가능),JHdaimma,판정_충돌,confirmed,candidate,confirmed_cause,0.6067,,0.6478,JHdaimma confirmed vs Jun Tier2d(not_reproduced). 원본 데이터의 Chipping이 4건뿐이라 원본측 delta 추정 자체가 불안정 — 재현성 판정의 신뢰구간 확인 필요.,팀 회의에서 방법론 정합 후 재판정
Particle,Vibration,원인(조치가능),daeho,판정_충돌,confirmed,candidate,confirmed_cause,0.0865116090164863,0.1936,0.3307,비교군 정의 차이. daeho는 진혁 ~label 방식(r1 비교군의 38.1%가 불량)으로 delta +0.317 -> confirmed. Jun은 다른 비교군에서 not_reproduced -> Tier2d(관찰만). daeho 10_comparison_group_contrast_particle.csv에서 r1 Vibration이 -0.024 ~ +0.289로 갈림. 원본 데이터에서는 4종 비교군이 소수점 셋째 자리까지 동일.,팀 회의에서 방법론 정합 후 재판정
Remain_Coat,CLN_Pressure,원인(조치가능),전성재,판정_충돌,confirmed,candidate,confirmed_cause,-0.2466,-0.5287807080041609,-0.1361129750391121,전성재는 담당자로서 확정 원인(검증 4·5·6·10·12번). Jun은 Tier2c — 방향은 일치하나 효과 크기가 데이터셋에 따라 갈림(원본 -0.529 vs r1 -0.136). 전성재 결론을 유지하되 '크기는 데이터셋 의존' 단서를 함께 표시.,팀 회의에서 방법론 정합 후 재판정
