type,column,group_key,baseline_method,baseline_value,bad_direction
A,Head_Temp,PKG_A|RCP_1,"initial_window_mean(n=25, machine pooled)",41.91008,up
A,Vibration,PKG_A|RCP_1,"initial_window_mean(n=25, machine pooled)",0.14054,up
A,Alignment_Time,PKG_A|RCP_1,"initial_window_mean(n=25, machine pooled)",0.3958,up
A,Process_Time,PKG_A|RCP_1,"initial_window_mean(n=25, machine pooled)",5.01684,up
A,Cooling_Flow,PKG_A|RCP_1,"initial_window_mean(n=25, machine pooled)",9.99544,down
A,Cooling_Water_Temp,PKG_A|RCP_1,"initial_window_mean(n=25, machine pooled)",21.97392,up
A,CLN_Flow,PKG_A|RCP_1,"initial_window_mean(n=25, machine pooled)",9.9776,down
A,Coating_Flow,PKG_A|RCP_1,"initial_window_mean(n=25, machine pooled)",49.95316,down
A,Head_Temp,PKG_A|RCP_2,"initial_window_mean(n=25, machine pooled)",41.99356,up
A,Vibration,PKG_A|RCP_2,"initial_window_mean(n=25, machine pooled)",0.14403,up
A,Alignment_Time,PKG_A|RCP_2,"initial_window_mean(n=25, machine pooled)",0.39794,up
A,Process_Time,PKG_A|RCP_2,"initial_window_mean(n=25, machine pooled)",4.99332,up
A,Cooling_Flow,PKG_A|RCP_2,"initial_window_mean(n=25, machine pooled)",9.97628,down
A,Cooling_Water_Temp,PKG_A|RCP_2,"initial_window_mean(n=25, machine pooled)",21.96388,up
A,CLN_Flow,PKG_A|RCP_2,"initial_window_mean(n=25, machine pooled)",10.00452,down
A,Coating_Flow,PKG_A|RCP_2,"initial_window_mean(n=25, machine pooled)",50.01904,down
A,Head_Temp,PKG_A|RCP_3,"initial_window_mean(n=25, machine pooled)",41.94472,up
A,Vibration,PKG_A|RCP_3,"initial_window_mean(n=25, machine pooled)",0.15006,up
A,Alignment_Time,PKG_A|RCP_3,"initial_window_mean(n=25, machine pooled)",0.40592,up
A,Process_Time,PKG_A|RCP_3,"initial_window_mean(n=25, machine pooled)",4.99692,up
A,Cooling_Flow,PKG_A|RCP_3,"initial_window_mean(n=25, machine pooled)",10.00096,down
A,Cooling_Water_Temp,PKG_A|RCP_3,"initial_window_mean(n=25, machine pooled)",21.92796,up
A,CLN_Flow,PKG_A|RCP_3,"initial_window_mean(n=25, machine pooled)",10.00468,down
A,Coating_Flow,PKG_A|RCP_3,"initial_window_mean(n=25, machine pooled)",50.1566,down
A,Head_Temp,PKG_A|RCP_4,"initial_window_mean(n=25, machine pooled)",42.0328,up
A,Vibration,PKG_A|RCP_4,"initial_window_mean(n=25, machine pooled)",0.14454,up
A,Alignment_Time,PKG_A|RCP_4,"initial_window_mean(n=25, machine pooled)",0.40078,up
A,Process_Time,PKG_A|RCP_4,"initial_window_mean(n=25, machine pooled)",4.95536,up
A,Cooling_Flow,PKG_A|RCP_4,"initial_window_mean(n=25, machine pooled)",9.98904,down
A,Cooling_Water_Temp,PKG_A|RCP_4,"initial_window_mean(n=25, machine pooled)",22.01192,up
A,CLN_Flow,PKG_A|RCP_4,"initial_window_mean(n=25, machine pooled)",9.99552,down
A,Coating_Flow,PKG_A|RCP_4,"initial_window_mean(n=25, machine pooled)",50.08312,down
A,Head_Temp,PKG_A|RCP_5,"initial_window_mean(n=25, machine pooled)",42.04564,up
A,Vibration,PKG_A|RCP_5,"initial_window_mean(n=25, machine pooled)",0.15848,up
A,Alignment_Time,PKG_A|RCP_5,"initial_window_mean(n=25, machine pooled)",0.40155,up
A,Process_Time,PKG_A|RCP_5,"initial_window_mean(n=25, machine pooled)",4.9908,up
A,Cooling_Flow,PKG_A|RCP_5,"initial_window_mean(n=25, machine pooled)",10.01104,down
A,Cooling_Water_Temp,PKG_A|RCP_5,"initial_window_mean(n=25, machine pooled)",22.03248,up
A,CLN_Flow,PKG_A|RCP_5,"initial_window_mean(n=25, machine pooled)",9.98572,down
A,Coating_Flow,PKG_A|RCP_5,"initial_window_mean(n=25, machine pooled)",49.92908,down
A,Head_Temp,PKG_A|RCP_6,"initial_window_mean(n=25, machine pooled)",41.93996,up
A,Vibration,PKG_A|RCP_6,"initial_window_mean(n=25, machine pooled)",0.14282,up
A,Alignment_Time,PKG_A|RCP_6,"initial_window_mean(n=25, machine pooled)",0.39904,up
A,Process_Time,PKG_A|RCP_6,"initial_window_mean(n=25, machine pooled)",4.97724,up
A,Cooling_Flow,PKG_A|RCP_6,"initial_window_mean(n=25, machine pooled)",9.99764,down
A,Cooling_Water_Temp,PKG_A|RCP_6,"initial_window_mean(n=25, machine pooled)",21.945,up
A,CLN_Flow,PKG_A|RCP_6,"initial_window_mean(n=25, machine pooled)",9.98372,down
A,Coating_Flow,PKG_A|RCP_6,"initial_window_mean(n=25, machine pooled)",49.99892,down
A,Head_Temp,PKG_A|RCP_7,"initial_window_mean(n=25, machine pooled)",41.94848,up
A,Vibration,PKG_A|RCP_7,"initial_window_mean(n=25, machine pooled)",0.15426,up
A,Alignment_Time,PKG_A|RCP_7,"initial_window_mean(n=25, machine pooled)",0.39543,up
A,Process_Time,PKG_A|RCP_7,"initial_window_mean(n=25, machine pooled)",5.01184,up
A,Cooling_Flow,PKG_A|RCP_7,"initial_window_mean(n=25, machine pooled)",9.96984,down
A,Cooling_Water_Temp,PKG_A|RCP_7,"initial_window_mean(n=25, machine pooled)",21.93176,up
A,CLN_Flow,PKG_A|RCP_7,"initial_window_mean(n=25, machine pooled)",9.98884,down
A,Coating_Flow,PKG_A|RCP_7,"initial_window_mean(n=25, machine pooled)",50.0406,down
A,Head_Temp,PKG_A|RCP_8,"initial_window_mean(n=25, machine pooled)",42.0128,up
A,Vibration,PKG_A|RCP_8,"initial_window_mean(n=25, machine pooled)",0.14826,up
A,Alignment_Time,PKG_A|RCP_8,"initial_window_mean(n=25, machine pooled)",0.39392,up
A,Process_Time,PKG_A|RCP_8,"initial_window_mean(n=25, machine pooled)",5.04592,up
A,Cooling_Flow,PKG_A|RCP_8,"initial_window_mean(n=25, machine pooled)",9.9726,down
A,Cooling_Water_Temp,PKG_A|RCP_8,"initial_window_mean(n=25, machine pooled)",21.94604,up
A,CLN_Flow,PKG_A|RCP_8,"initial_window_mean(n=25, machine pooled)",10.01608,down
A,Coating_Flow,PKG_A|RCP_8,"initial_window_mean(n=25, machine pooled)",50.10228,down
A,Head_Temp,PKG_A|RCP_9,"initial_window_mean(n=25, machine pooled)",42.09604,up
A,Vibration,PKG_A|RCP_9,"initial_window_mean(n=25, machine pooled)",0.15078,up
A,Alignment_Time,PKG_A|RCP_9,"initial_window_mean(n=25, machine pooled)",0.40252,up
A,Process_Time,PKG_A|RCP_9,"initial_window_mean(n=25, machine pooled)",4.98612,up
A,Cooling_Flow,PKG_A|RCP_9,"initial_window_mean(n=25, machine pooled)",9.98728,down
A,Cooling_Water_Temp,PKG_A|RCP_9,"initial_window_mean(n=25, machine pooled)",22.02548,up
A,CLN_Flow,PKG_A|RCP_9,"initial_window_mean(n=25, machine pooled)",10.00472,down
A,Coating_Flow,PKG_A|RCP_9,"initial_window_mean(n=25, machine pooled)",50.00416,down
A,Head_Temp,PKG_B|RCP_1,"initial_window_mean(n=25, machine pooled)",42.04988,up
A,Vibration,PKG_B|RCP_1,"initial_window_mean(n=25, machine pooled)",0.14766,up
A,Alignment_Time,PKG_B|RCP_1,"initial_window_mean(n=25, machine pooled)",0.40332,up
A,Process_Time,PKG_B|RCP_1,"initial_window_mean(n=25, machine pooled)",5.01932,up
A,Cooling_Flow,PKG_B|RCP_1,"initial_window_mean(n=25, machine pooled)",9.97512,down
A,Cooling_Water_Temp,PKG_B|RCP_1,"initial_window_mean(n=25, machine pooled)",22.04604,up
A,CLN_Flow,PKG_B|RCP_1,"initial_window_mean(n=25, machine pooled)",10.00704,down
A,Coating_Flow,PKG_B|RCP_1,"initial_window_mean(n=25, machine pooled)",50.19004,down
A,Head_Temp,PKG_B|RCP_2,"initial_window_mean(n=25, machine pooled)",41.98404,up
A,Vibration,PKG_B|RCP_2,"initial_window_mean(n=25, machine pooled)",0.15375,up
A,Alignment_Time,PKG_B|RCP_2,"initial_window_mean(n=25, machine pooled)",0.40072,up
A,Process_Time,PKG_B|RCP_2,"initial_window_mean(n=25, machine pooled)",5.0118,up
A,Cooling_Flow,PKG_B|RCP_2,"initial_window_mean(n=25, machine pooled)",10.01232,down
A,Cooling_Water_Temp,PKG_B|RCP_2,"initial_window_mean(n=25, machine pooled)",21.93672,up
A,CLN_Flow,PKG_B|RCP_2,"initial_window_mean(n=25, machine pooled)",10.01692,down
A,Coating_Flow,PKG_B|RCP_2,"initial_window_mean(n=25, machine pooled)",50.11092,down
A,Head_Temp,PKG_B|RCP_3,"initial_window_mean(n=25, machine pooled)",42.00716,up
A,Vibration,PKG_B|RCP_3,"initial_window_mean(n=25, machine pooled)",0.15525,up
A,Alignment_Time,PKG_B|RCP_3,"initial_window_mean(n=25, machine pooled)",0.39023,up
A,Process_Time,PKG_B|RCP_3,"initial_window_mean(n=25, machine pooled)",5.02232,up
A,Cooling_Flow,PKG_B|RCP_3,"initial_window_mean(n=25, machine pooled)",9.98388,down
A,Cooling_Water_Temp,PKG_B|RCP_3,"initial_window_mean(n=25, machine pooled)",21.95532,up
A,CLN_Flow,PKG_B|RCP_3,"initial_window_mean(n=25, machine pooled)",10.00028,down
A,Coating_Flow,PKG_B|RCP_3,"initial_window_mean(n=25, machine pooled)",49.99,down
A,Head_Temp,PKG_B|RCP_4,"initial_window_mean(n=25, machine pooled)",41.995,up
A,Vibration,PKG_B|RCP_4,"initial_window_mean(n=25, machine pooled)",0.13924,up
A,Alignment_Time,PKG_B|RCP_4,"initial_window_mean(n=25, machine pooled)",0.40361,up
A,Process_Time,PKG_B|RCP_4,"initial_window_mean(n=25, machine pooled)",4.99876,up
A,Cooling_Flow,PKG_B|RCP_4,"initial_window_mean(n=25, machine pooled)",9.99192,down
A,Cooling_Water_Temp,PKG_B|RCP_4,"initial_window_mean(n=25, machine pooled)",21.8766,up
A,CLN_Flow,PKG_B|RCP_4,"initial_window_mean(n=25, machine pooled)",9.9954,down
A,Coating_Flow,PKG_B|RCP_4,"initial_window_mean(n=25, machine pooled)",49.90776,down
A,Head_Temp,PKG_B|RCP_5,"initial_window_mean(n=25, machine pooled)",42.02996,up
A,Vibration,PKG_B|RCP_5,"initial_window_mean(n=25, machine pooled)",0.1546,up
A,Alignment_Time,PKG_B|RCP_5,"initial_window_mean(n=25, machine pooled)",0.40485,up
A,Process_Time,PKG_B|RCP_5,"initial_window_mean(n=25, machine pooled)",4.97452,up
A,Cooling_Flow,PKG_B|RCP_5,"initial_window_mean(n=25, machine pooled)",10.01352,down
A,Cooling_Water_Temp,PKG_B|RCP_5,"initial_window_mean(n=25, machine pooled)",21.93808,up
A,CLN_Flow,PKG_B|RCP_5,"initial_window_mean(n=25, machine pooled)",9.9886,down
A,Coating_Flow,PKG_B|RCP_5,"initial_window_mean(n=25, machine pooled)",49.92236,down
A,Head_Temp,PKG_B|RCP_6,"initial_window_mean(n=25, machine pooled)",42.05948,up
A,Vibration,PKG_B|RCP_6,"initial_window_mean(n=25, machine pooled)",0.15226,up
A,Alignment_Time,PKG_B|RCP_6,"initial_window_mean(n=25, machine pooled)",0.39506,up
A,Process_Time,PKG_B|RCP_6,"initial_window_mean(n=25, machine pooled)",5.01744,up
A,Cooling_Flow,PKG_B|RCP_6,"initial_window_mean(n=25, machine pooled)",10.0224,down
A,Cooling_Water_Temp,PKG_B|RCP_6,"initial_window_mean(n=25, machine pooled)",21.919,up
A,CLN_Flow,PKG_B|RCP_6,"initial_window_mean(n=25, machine pooled)",10.00604,down
A,Coating_Flow,PKG_B|RCP_6,"initial_window_mean(n=25, machine pooled)",50.02052,down
A,Head_Temp,PKG_B|RCP_7,"initial_window_mean(n=25, machine pooled)",41.98372,up
A,Vibration,PKG_B|RCP_7,"initial_window_mean(n=25, machine pooled)",0.14326,up
A,Alignment_Time,PKG_B|RCP_7,"initial_window_mean(n=25, machine pooled)",0.39998,up
A,Process_Time,PKG_B|RCP_7,"initial_window_mean(n=25, machine pooled)",5.01088,up
A,Cooling_Flow,PKG_B|RCP_7,"initial_window_mean(n=25, machine pooled)",9.99792,down
A,Cooling_Water_Temp,PKG_B|RCP_7,"initial_window_mean(n=25, machine pooled)",22.03852,up
A,CLN_Flow,PKG_B|RCP_7,"initial_window_mean(n=25, machine pooled)",9.99224,down
A,Coating_Flow,PKG_B|RCP_7,"initial_window_mean(n=25, machine pooled)",49.96232,down
A,Head_Temp,PKG_B|RCP_8,"initial_window_mean(n=25, machine pooled)",42.02976,up
A,Vibration,PKG_B|RCP_8,"initial_window_mean(n=25, machine pooled)",0.1517,up
A,Alignment_Time,PKG_B|RCP_8,"initial_window_mean(n=25, machine pooled)",0.39942,up
A,Process_Time,PKG_B|RCP_8,"initial_window_mean(n=25, machine pooled)",5.0122,up
A,Cooling_Flow,PKG_B|RCP_8,"initial_window_mean(n=25, machine pooled)",10.001,down
A,Cooling_Water_Temp,PKG_B|RCP_8,"initial_window_mean(n=25, machine pooled)",21.98472,up
A,CLN_Flow,PKG_B|RCP_8,"initial_window_mean(n=25, machine pooled)",10.01632,down
A,Coating_Flow,PKG_B|RCP_8,"initial_window_mean(n=25, machine pooled)",50.00744,down
A,Head_Temp,PKG_B|RCP_9,"initial_window_mean(n=25, machine pooled)",41.92736,up
A,Vibration,PKG_B|RCP_9,"initial_window_mean(n=25, machine pooled)",0.14796,up
A,Alignment_Time,PKG_B|RCP_9,"initial_window_mean(n=25, machine pooled)",0.40049,up
A,Process_Time,PKG_B|RCP_9,"initial_window_mean(n=25, machine pooled)",4.98412,up
A,Cooling_Flow,PKG_B|RCP_9,"initial_window_mean(n=25, machine pooled)",10.02144,down
A,Cooling_Water_Temp,PKG_B|RCP_9,"initial_window_mean(n=25, machine pooled)",22.12116,up
A,CLN_Flow,PKG_B|RCP_9,"initial_window_mean(n=25, machine pooled)",9.9974,down
A,Coating_Flow,PKG_B|RCP_9,"initial_window_mean(n=25, machine pooled)",50.21396,down
A,Head_Temp,PKG_C|RCP_1,"initial_window_mean(n=25, machine pooled)",42.01324,up
A,Vibration,PKG_C|RCP_1,"initial_window_mean(n=25, machine pooled)",0.15076,up
A,Alignment_Time,PKG_C|RCP_1,"initial_window_mean(n=25, machine pooled)",0.39375,up
A,Process_Time,PKG_C|RCP_1,"initial_window_mean(n=25, machine pooled)",4.98304,up
A,Cooling_Flow,PKG_C|RCP_1,"initial_window_mean(n=25, machine pooled)",9.99908,down
A,Cooling_Water_Temp,PKG_C|RCP_1,"initial_window_mean(n=25, machine pooled)",22.0196,up
A,CLN_Flow,PKG_C|RCP_1,"initial_window_mean(n=25, machine pooled)",9.99116,down
A,Coating_Flow,PKG_C|RCP_1,"initial_window_mean(n=25, machine pooled)",49.875,down
A,Head_Temp,PKG_C|RCP_2,"initial_window_mean(n=25, machine pooled)",42.0448,up
A,Vibration,PKG_C|RCP_2,"initial_window_mean(n=25, machine pooled)",0.14297,up
A,Alignment_Time,PKG_C|RCP_2,"initial_window_mean(n=25, machine pooled)",0.40844,up
A,Process_Time,PKG_C|RCP_2,"initial_window_mean(n=25, machine pooled)",5.0284,up
A,Cooling_Flow,PKG_C|RCP_2,"initial_window_mean(n=25, machine pooled)",10.00024,down
A,Cooling_Water_Temp,PKG_C|RCP_2,"initial_window_mean(n=25, machine pooled)",21.96352,up
A,CLN_Flow,PKG_C|RCP_2,"initial_window_mean(n=25, machine pooled)",9.99644,down
A,Coating_Flow,PKG_C|RCP_2,"initial_window_mean(n=25, machine pooled)",50.05264,down
A,Head_Temp,PKG_C|RCP_3,"initial_window_mean(n=25, machine pooled)",41.98208,up
A,Vibration,PKG_C|RCP_3,"initial_window_mean(n=25, machine pooled)",0.14798,up
A,Alignment_Time,PKG_C|RCP_3,"initial_window_mean(n=25, machine pooled)",0.40244,up
A,Process_Time,PKG_C|RCP_3,"initial_window_mean(n=25, machine pooled)",4.99028,up
A,Cooling_Flow,PKG_C|RCP_3,"initial_window_mean(n=25, machine pooled)",9.98948,down
A,Cooling_Water_Temp,PKG_C|RCP_3,"initial_window_mean(n=25, machine pooled)",22.052,up
A,CLN_Flow,PKG_C|RCP_3,"initial_window_mean(n=25, machine pooled)",9.9986,down
A,Coating_Flow,PKG_C|RCP_3,"initial_window_mean(n=25, machine pooled)",50.02836,down
A,Head_Temp,PKG_C|RCP_4,"initial_window_mean(n=25, machine pooled)",41.9394,up
A,Vibration,PKG_C|RCP_4,"initial_window_mean(n=25, machine pooled)",0.14726,up
A,Alignment_Time,PKG_C|RCP_4,"initial_window_mean(n=25, machine pooled)",0.39684,up
A,Process_Time,PKG_C|RCP_4,"initial_window_mean(n=25, machine pooled)",4.97164,up
A,Cooling_Flow,PKG_C|RCP_4,"initial_window_mean(n=25, machine pooled)",9.99752,down
A,Cooling_Water_Temp,PKG_C|RCP_4,"initial_window_mean(n=25, machine pooled)",22.0146,up
A,CLN_Flow,PKG_C|RCP_4,"initial_window_mean(n=25, machine pooled)",10.01132,down
A,Coating_Flow,PKG_C|RCP_4,"initial_window_mean(n=25, machine pooled)",49.98712,down
A,Head_Temp,PKG_C|RCP_5,"initial_window_mean(n=25, machine pooled)",41.89528,up
A,Vibration,PKG_C|RCP_5,"initial_window_mean(n=25, machine pooled)",0.15119,up
A,Alignment_Time,PKG_C|RCP_5,"initial_window_mean(n=25, machine pooled)",0.39186,up
A,Process_Time,PKG_C|RCP_5,"initial_window_mean(n=25, machine pooled)",4.98144,up
A,Cooling_Flow,PKG_C|RCP_5,"initial_window_mean(n=25, machine pooled)",10.01548,down
A,Cooling_Water_Temp,PKG_C|RCP_5,"initial_window_mean(n=25, machine pooled)",22.10352,up
A,CLN_Flow,PKG_C|RCP_5,"initial_window_mean(n=25, machine pooled)",10.00032,down
A,Coating_Flow,PKG_C|RCP_5,"initial_window_mean(n=25, machine pooled)",50.22848,down
A,Head_Temp,PKG_C|RCP_6,"initial_window_mean(n=25, machine pooled)",42.04508,up
A,Vibration,PKG_C|RCP_6,"initial_window_mean(n=25, machine pooled)",0.15319,up
A,Alignment_Time,PKG_C|RCP_6,"initial_window_mean(n=25, machine pooled)",0.40015,up
A,Process_Time,PKG_C|RCP_6,"initial_window_mean(n=25, machine pooled)",4.95948,up
A,Cooling_Flow,PKG_C|RCP_6,"initial_window_mean(n=25, machine pooled)",10.01012,down
A,Cooling_Water_Temp,PKG_C|RCP_6,"initial_window_mean(n=25, machine pooled)",21.91292,up
A,CLN_Flow,PKG_C|RCP_6,"initial_window_mean(n=25, machine pooled)",9.99892,down
A,Coating_Flow,PKG_C|RCP_6,"initial_window_mean(n=25, machine pooled)",49.94876,down
A,Head_Temp,PKG_C|RCP_7,"initial_window_mean(n=25, machine pooled)",42.028,up
A,Vibration,PKG_C|RCP_7,"initial_window_mean(n=25, machine pooled)",0.15235,up
A,Alignment_Time,PKG_C|RCP_7,"initial_window_mean(n=25, machine pooled)",0.39919,up
A,Process_Time,PKG_C|RCP_7,"initial_window_mean(n=25, machine pooled)",5.04488,up
A,Cooling_Flow,PKG_C|RCP_7,"initial_window_mean(n=25, machine pooled)",10.01352,down
A,Cooling_Water_Temp,PKG_C|RCP_7,"initial_window_mean(n=25, machine pooled)",21.93616,up
A,CLN_Flow,PKG_C|RCP_7,"initial_window_mean(n=25, machine pooled)",10.0034,down
A,Coating_Flow,PKG_C|RCP_7,"initial_window_mean(n=25, machine pooled)",50.15828,down
A,Head_Temp,PKG_C|RCP_8,"initial_window_mean(n=25, machine pooled)",42.08928,up
A,Vibration,PKG_C|RCP_8,"initial_window_mean(n=25, machine pooled)",0.14106,up
A,Alignment_Time,PKG_C|RCP_8,"initial_window_mean(n=25, machine pooled)",0.39303,up
A,Process_Time,PKG_C|RCP_8,"initial_window_mean(n=25, machine pooled)",5.00292,up
A,Cooling_Flow,PKG_C|RCP_8,"initial_window_mean(n=25, machine pooled)",9.97328,down
A,Cooling_Water_Temp,PKG_C|RCP_8,"initial_window_mean(n=25, machine pooled)",22.07876,up
A,CLN_Flow,PKG_C|RCP_8,"initial_window_mean(n=25, machine pooled)",10.0164,down
A,Coating_Flow,PKG_C|RCP_8,"initial_window_mean(n=25, machine pooled)",49.9882,down
A,Head_Temp,PKG_C|RCP_9,"initial_window_mean(n=25, machine pooled)",42.128,up
A,Vibration,PKG_C|RCP_9,"initial_window_mean(n=25, machine pooled)",0.14537,up
A,Alignment_Time,PKG_C|RCP_9,"initial_window_mean(n=25, machine pooled)",0.404,up
A,Process_Time,PKG_C|RCP_9,"initial_window_mean(n=25, machine pooled)",4.98972,up
A,Cooling_Flow,PKG_C|RCP_9,"initial_window_mean(n=25, machine pooled)",9.98636,down
A,Cooling_Water_Temp,PKG_C|RCP_9,"initial_window_mean(n=25, machine pooled)",22.18552,up
A,CLN_Flow,PKG_C|RCP_9,"initial_window_mean(n=25, machine pooled)",10.008,down
A,Coating_Flow,PKG_C|RCP_9,"initial_window_mean(n=25, machine pooled)",49.84692,down
A,Head_Temp,PKG_D|RCP_1,"initial_window_mean(n=25, machine pooled)",42.05208,up
A,Vibration,PKG_D|RCP_1,"initial_window_mean(n=25, machine pooled)",0.14438,up
A,Alignment_Time,PKG_D|RCP_1,"initial_window_mean(n=25, machine pooled)",0.403,up
A,Process_Time,PKG_D|RCP_1,"initial_window_mean(n=25, machine pooled)",4.97544,up
A,Cooling_Flow,PKG_D|RCP_1,"initial_window_mean(n=25, machine pooled)",10.003,down
A,Cooling_Water_Temp,PKG_D|RCP_1,"initial_window_mean(n=25, machine pooled)",22.0162,up
A,CLN_Flow,PKG_D|RCP_1,"initial_window_mean(n=25, machine pooled)",10.00352,down
A,Coating_Flow,PKG_D|RCP_1,"initial_window_mean(n=25, machine pooled)",50.03708,down
A,Head_Temp,PKG_D|RCP_2,"initial_window_mean(n=25, machine pooled)",41.95736,up
A,Vibration,PKG_D|RCP_2,"initial_window_mean(n=25, machine pooled)",0.1429,up
A,Alignment_Time,PKG_D|RCP_2,"initial_window_mean(n=25, machine pooled)",0.4016,up
A,Process_Time,PKG_D|RCP_2,"initial_window_mean(n=25, machine pooled)",5.02324,up
A,Cooling_Flow,PKG_D|RCP_2,"initial_window_mean(n=25, machine pooled)",10.01396,down
A,Cooling_Water_Temp,PKG_D|RCP_2,"initial_window_mean(n=25, machine pooled)",22.03028,up
A,CLN_Flow,PKG_D|RCP_2,"initial_window_mean(n=25, machine pooled)",9.99304,down
A,Coating_Flow,PKG_D|RCP_2,"initial_window_mean(n=25, machine pooled)",49.95664,down
A,Head_Temp,PKG_D|RCP_3,"initial_window_mean(n=25, machine pooled)",41.96056,up
A,Vibration,PKG_D|RCP_3,"initial_window_mean(n=25, machine pooled)",0.14508,up
A,Alignment_Time,PKG_D|RCP_3,"initial_window_mean(n=25, machine pooled)",0.40586,up
A,Process_Time,PKG_D|RCP_3,"initial_window_mean(n=25, machine pooled)",4.99848,up
A,Cooling_Flow,PKG_D|RCP_3,"initial_window_mean(n=25, machine pooled)",9.99624,down
A,Cooling_Water_Temp,PKG_D|RCP_3,"initial_window_mean(n=25, machine pooled)",22.16104,up
A,CLN_Flow,PKG_D|RCP_3,"initial_window_mean(n=25, machine pooled)",9.98204,down
A,Coating_Flow,PKG_D|RCP_3,"initial_window_mean(n=25, machine pooled)",50.12484,down
A,Head_Temp,PKG_D|RCP_4,"initial_window_mean(n=25, machine pooled)",41.89088,up
A,Vibration,PKG_D|RCP_4,"initial_window_mean(n=25, machine pooled)",0.14985,up
A,Alignment_Time,PKG_D|RCP_4,"initial_window_mean(n=25, machine pooled)",0.39832,up
A,Process_Time,PKG_D|RCP_4,"initial_window_mean(n=25, machine pooled)",4.99376,up
A,Cooling_Flow,PKG_D|RCP_4,"initial_window_mean(n=25, machine pooled)",9.99008,down
A,Cooling_Water_Temp,PKG_D|RCP_4,"initial_window_mean(n=25, machine pooled)",21.94728,up
A,CLN_Flow,PKG_D|RCP_4,"initial_window_mean(n=25, machine pooled)",9.99324,down
A,Coating_Flow,PKG_D|RCP_4,"initial_window_mean(n=25, machine pooled)",50.06284,down
A,Head_Temp,PKG_D|RCP_5,"initial_window_mean(n=25, machine pooled)",42.04208,up
A,Vibration,PKG_D|RCP_5,"initial_window_mean(n=25, machine pooled)",0.15583,up
A,Alignment_Time,PKG_D|RCP_5,"initial_window_mean(n=25, machine pooled)",0.40439,up
A,Process_Time,PKG_D|RCP_5,"initial_window_mean(n=25, machine pooled)",5.01064,up
A,Cooling_Flow,PKG_D|RCP_5,"initial_window_mean(n=25, machine pooled)",9.98732,down
A,Cooling_Water_Temp,PKG_D|RCP_5,"initial_window_mean(n=25, machine pooled)",21.94204,up
A,CLN_Flow,PKG_D|RCP_5,"initial_window_mean(n=25, machine pooled)",10.0112,down
A,Coating_Flow,PKG_D|RCP_5,"initial_window_mean(n=25, machine pooled)",49.92448,down
A,Head_Temp,PKG_D|RCP_6,"initial_window_mean(n=25, machine pooled)",41.85992,up
A,Vibration,PKG_D|RCP_6,"initial_window_mean(n=25, machine pooled)",0.14675,up
A,Alignment_Time,PKG_D|RCP_6,"initial_window_mean(n=25, machine pooled)",0.39723,up
A,Process_Time,PKG_D|RCP_6,"initial_window_mean(n=25, machine pooled)",5.00016,up
A,Cooling_Flow,PKG_D|RCP_6,"initial_window_mean(n=25, machine pooled)",9.97936,down
A,Cooling_Water_Temp,PKG_D|RCP_6,"initial_window_mean(n=25, machine pooled)",21.93444,up
A,CLN_Flow,PKG_D|RCP_6,"initial_window_mean(n=25, machine pooled)",9.9888,down
A,Coating_Flow,PKG_D|RCP_6,"initial_window_mean(n=25, machine pooled)",49.92884,down
A,Head_Temp,PKG_D|RCP_7,"initial_window_mean(n=25, machine pooled)",42.09768,up
A,Vibration,PKG_D|RCP_7,"initial_window_mean(n=25, machine pooled)",0.14999,up
A,Alignment_Time,PKG_D|RCP_7,"initial_window_mean(n=25, machine pooled)",0.40387,up
A,Process_Time,PKG_D|RCP_7,"initial_window_mean(n=25, machine pooled)",4.99288,up
A,Cooling_Flow,PKG_D|RCP_7,"initial_window_mean(n=25, machine pooled)",9.98936,down
A,Cooling_Water_Temp,PKG_D|RCP_7,"initial_window_mean(n=25, machine pooled)",21.98604,up
A,CLN_Flow,PKG_D|RCP_7,"initial_window_mean(n=25, machine pooled)",10.00848,down
A,Coating_Flow,PKG_D|RCP_7,"initial_window_mean(n=25, machine pooled)",49.98932,down
A,Head_Temp,PKG_D|RCP_8,"initial_window_mean(n=25, machine pooled)",42.01152,up
A,Vibration,PKG_D|RCP_8,"initial_window_mean(n=25, machine pooled)",0.14318,up
A,Alignment_Time,PKG_D|RCP_8,"initial_window_mean(n=25, machine pooled)",0.40345,up
A,Process_Time,PKG_D|RCP_8,"initial_window_mean(n=25, machine pooled)",4.96468,up
A,Cooling_Flow,PKG_D|RCP_8,"initial_window_mean(n=25, machine pooled)",9.98092,down
A,Cooling_Water_Temp,PKG_D|RCP_8,"initial_window_mean(n=25, machine pooled)",22.02,up
A,CLN_Flow,PKG_D|RCP_8,"initial_window_mean(n=25, machine pooled)",9.99208,down
A,Coating_Flow,PKG_D|RCP_8,"initial_window_mean(n=25, machine pooled)",50.07176,down
A,Head_Temp,PKG_D|RCP_9,"initial_window_mean(n=25, machine pooled)",41.91144,up
A,Vibration,PKG_D|RCP_9,"initial_window_mean(n=25, machine pooled)",0.15501,up
A,Alignment_Time,PKG_D|RCP_9,"initial_window_mean(n=25, machine pooled)",0.39728,up
A,Process_Time,PKG_D|RCP_9,"initial_window_mean(n=25, machine pooled)",5.01328,up
A,Cooling_Flow,PKG_D|RCP_9,"initial_window_mean(n=25, machine pooled)",10.00548,down
A,Cooling_Water_Temp,PKG_D|RCP_9,"initial_window_mean(n=25, machine pooled)",22.05552,up
A,CLN_Flow,PKG_D|RCP_9,"initial_window_mean(n=25, machine pooled)",10.0062,down
A,Coating_Flow,PKG_D|RCP_9,"initial_window_mean(n=25, machine pooled)",50.06844,down
A,Head_Temp,PKG_E|RCP_1,"initial_window_mean(n=25, machine pooled)",41.9614,up
A,Vibration,PKG_E|RCP_1,"initial_window_mean(n=25, machine pooled)",0.14322,up
A,Alignment_Time,PKG_E|RCP_1,"initial_window_mean(n=25, machine pooled)",0.40254,up
A,Process_Time,PKG_E|RCP_1,"initial_window_mean(n=25, machine pooled)",4.99212,up
A,Cooling_Flow,PKG_E|RCP_1,"initial_window_mean(n=25, machine pooled)",10.063,down
A,Cooling_Water_Temp,PKG_E|RCP_1,"initial_window_mean(n=25, machine pooled)",22.0492,up
A,CLN_Flow,PKG_E|RCP_1,"initial_window_mean(n=25, machine pooled)",10.00508,down
A,Coating_Flow,PKG_E|RCP_1,"initial_window_mean(n=25, machine pooled)",50.04416,down
A,Head_Temp,PKG_E|RCP_2,"initial_window_mean(n=25, machine pooled)",42.05612,up
A,Vibration,PKG_E|RCP_2,"initial_window_mean(n=25, machine pooled)",0.15693,up
A,Alignment_Time,PKG_E|RCP_2,"initial_window_mean(n=25, machine pooled)",0.3926,up
A,Process_Time,PKG_E|RCP_2,"initial_window_mean(n=25, machine pooled)",4.98464,up
A,Cooling_Flow,PKG_E|RCP_2,"initial_window_mean(n=25, machine pooled)",10.03328,down
A,Cooling_Water_Temp,PKG_E|RCP_2,"initial_window_mean(n=25, machine pooled)",22.02224,up
A,CLN_Flow,PKG_E|RCP_2,"initial_window_mean(n=25, machine pooled)",10.00416,down
A,Coating_Flow,PKG_E|RCP_2,"initial_window_mean(n=25, machine pooled)",49.82564,down
A,Head_Temp,PKG_E|RCP_3,"initial_window_mean(n=25, machine pooled)",42.03028,up
A,Vibration,PKG_E|RCP_3,"initial_window_mean(n=25, machine pooled)",0.14591,up
A,Alignment_Time,PKG_E|RCP_3,"initial_window_mean(n=25, machine pooled)",0.4044,up
A,Process_Time,PKG_E|RCP_3,"initial_window_mean(n=25, machine pooled)",4.98236,up
A,Cooling_Flow,PKG_E|RCP_3,"initial_window_mean(n=25, machine pooled)",9.99292,down
A,Cooling_Water_Temp,PKG_E|RCP_3,"initial_window_mean(n=25, machine pooled)",22.07684,up
A,CLN_Flow,PKG_E|RCP_3,"initial_window_mean(n=25, machine pooled)",10.00196,down
A,Coating_Flow,PKG_E|RCP_3,"initial_window_mean(n=25, machine pooled)",50.15524,down
A,Head_Temp,PKG_E|RCP_4,"initial_window_mean(n=25, machine pooled)",42.00944,up
A,Vibration,PKG_E|RCP_4,"initial_window_mean(n=25, machine pooled)",0.1474,up
A,Alignment_Time,PKG_E|RCP_4,"initial_window_mean(n=25, machine pooled)",0.40013,up
A,Process_Time,PKG_E|RCP_4,"initial_window_mean(n=25, machine pooled)",4.98716,up
A,Cooling_Flow,PKG_E|RCP_4,"initial_window_mean(n=25, machine pooled)",9.99316,down
A,Cooling_Water_Temp,PKG_E|RCP_4,"initial_window_mean(n=25, machine pooled)",22.05364,up
A,CLN_Flow,PKG_E|RCP_4,"initial_window_mean(n=25, machine pooled)",10.01084,down
A,Coating_Flow,PKG_E|RCP_4,"initial_window_mean(n=25, machine pooled)",50.05692,down
A,Head_Temp,PKG_E|RCP_5,"initial_window_mean(n=25, machine pooled)",41.98412,up
A,Vibration,PKG_E|RCP_5,"initial_window_mean(n=25, machine pooled)",0.15476,up
A,Alignment_Time,PKG_E|RCP_5,"initial_window_mean(n=25, machine pooled)",0.39477,up
A,Process_Time,PKG_E|RCP_5,"initial_window_mean(n=25, machine pooled)",5.01256,up
A,Cooling_Flow,PKG_E|RCP_5,"initial_window_mean(n=25, machine pooled)",9.99292,down
A,Cooling_Water_Temp,PKG_E|RCP_5,"initial_window_mean(n=25, machine pooled)",22.06036,up
A,CLN_Flow,PKG_E|RCP_5,"initial_window_mean(n=25, machine pooled)",9.98224,down
A,Coating_Flow,PKG_E|RCP_5,"initial_window_mean(n=25, machine pooled)",50.12748,down
A,Head_Temp,PKG_E|RCP_6,"initial_window_mean(n=25, machine pooled)",42.0304,up
A,Vibration,PKG_E|RCP_6,"initial_window_mean(n=25, machine pooled)",0.15472,up
A,Alignment_Time,PKG_E|RCP_6,"initial_window_mean(n=25, machine pooled)",0.39663,up
A,Process_Time,PKG_E|RCP_6,"initial_window_mean(n=25, machine pooled)",4.99056,up
A,Cooling_Flow,PKG_E|RCP_6,"initial_window_mean(n=25, machine pooled)",9.99196,down
A,Cooling_Water_Temp,PKG_E|RCP_6,"initial_window_mean(n=25, machine pooled)",22.09832,up
A,CLN_Flow,PKG_E|RCP_6,"initial_window_mean(n=25, machine pooled)",10.01124,down
A,Coating_Flow,PKG_E|RCP_6,"initial_window_mean(n=25, machine pooled)",50.1052,down
A,Head_Temp,PKG_E|RCP_7,"initial_window_mean(n=25, machine pooled)",42.0106,up
A,Vibration,PKG_E|RCP_7,"initial_window_mean(n=25, machine pooled)",0.14754,up
A,Alignment_Time,PKG_E|RCP_7,"initial_window_mean(n=25, machine pooled)",0.40066,up
A,Process_Time,PKG_E|RCP_7,"initial_window_mean(n=25, machine pooled)",5.00368,up
A,Cooling_Flow,PKG_E|RCP_7,"initial_window_mean(n=25, machine pooled)",10.00132,down
A,Cooling_Water_Temp,PKG_E|RCP_7,"initial_window_mean(n=25, machine pooled)",22.03852,up
A,CLN_Flow,PKG_E|RCP_7,"initial_window_mean(n=25, machine pooled)",10.00068,down
A,Coating_Flow,PKG_E|RCP_7,"initial_window_mean(n=25, machine pooled)",50.11668,down
A,Head_Temp,PKG_E|RCP_8,"initial_window_mean(n=25, machine pooled)",42.02064,up
A,Vibration,PKG_E|RCP_8,"initial_window_mean(n=25, machine pooled)",0.15797,up
A,Alignment_Time,PKG_E|RCP_8,"initial_window_mean(n=25, machine pooled)",0.39572,up
A,Process_Time,PKG_E|RCP_8,"initial_window_mean(n=25, machine pooled)",5.00912,up
A,Cooling_Flow,PKG_E|RCP_8,"initial_window_mean(n=25, machine pooled)",9.98964,down
A,Cooling_Water_Temp,PKG_E|RCP_8,"initial_window_mean(n=25, machine pooled)",22.04364,up
A,CLN_Flow,PKG_E|RCP_8,"initial_window_mean(n=25, machine pooled)",10.00092,down
A,Coating_Flow,PKG_E|RCP_8,"initial_window_mean(n=25, machine pooled)",50.018,down
A,Head_Temp,PKG_E|RCP_9,"initial_window_mean(n=25, machine pooled)",41.98504,up
A,Vibration,PKG_E|RCP_9,"initial_window_mean(n=25, machine pooled)",0.14951,up
A,Alignment_Time,PKG_E|RCP_9,"initial_window_mean(n=25, machine pooled)",0.39654,up
A,Process_Time,PKG_E|RCP_9,"initial_window_mean(n=25, machine pooled)",5.027,up
A,Cooling_Flow,PKG_E|RCP_9,"initial_window_mean(n=25, machine pooled)",10.0078,down
A,Cooling_Water_Temp,PKG_E|RCP_9,"initial_window_mean(n=25, machine pooled)",22.03632,up
A,CLN_Flow,PKG_E|RCP_9,"initial_window_mean(n=25, machine pooled)",9.99352,down
A,Coating_Flow,PKG_E|RCP_9,"initial_window_mean(n=25, machine pooled)",49.98832,down
A,Head_Temp,PKG_F|RCP_1,"initial_window_mean(n=25, machine pooled)",42.05568,up
A,Vibration,PKG_F|RCP_1,"initial_window_mean(n=25, machine pooled)",0.15302,up
A,Alignment_Time,PKG_F|RCP_1,"initial_window_mean(n=25, machine pooled)",0.39524,up
A,Process_Time,PKG_F|RCP_1,"initial_window_mean(n=25, machine pooled)",4.99176,up
A,Cooling_Flow,PKG_F|RCP_1,"initial_window_mean(n=25, machine pooled)",10.01464,down
A,Cooling_Water_Temp,PKG_F|RCP_1,"initial_window_mean(n=25, machine pooled)",22.02052,up
A,CLN_Flow,PKG_F|RCP_1,"initial_window_mean(n=25, machine pooled)",10.03524,down
A,Coating_Flow,PKG_F|RCP_1,"initial_window_mean(n=25, machine pooled)",49.97244,down
A,Head_Temp,PKG_F|RCP_2,"initial_window_mean(n=25, machine pooled)",42.0018,up
A,Vibration,PKG_F|RCP_2,"initial_window_mean(n=25, machine pooled)",0.14697,up
A,Alignment_Time,PKG_F|RCP_2,"initial_window_mean(n=25, machine pooled)",0.40584,up
A,Process_Time,PKG_F|RCP_2,"initial_window_mean(n=25, machine pooled)",5.01976,up
A,Cooling_Flow,PKG_F|RCP_2,"initial_window_mean(n=25, machine pooled)",10.02432,down
A,Cooling_Water_Temp,PKG_F|RCP_2,"initial_window_mean(n=25, machine pooled)",21.97016,up
A,CLN_Flow,PKG_F|RCP_2,"initial_window_mean(n=25, machine pooled)",9.98884,down
A,Coating_Flow,PKG_F|RCP_2,"initial_window_mean(n=25, machine pooled)",50.0946,down
A,Head_Temp,PKG_F|RCP_3,"initial_window_mean(n=25, machine pooled)",42.05988,up
A,Vibration,PKG_F|RCP_3,"initial_window_mean(n=25, machine pooled)",0.1457,up
A,Alignment_Time,PKG_F|RCP_3,"initial_window_mean(n=25, machine pooled)",0.3943,up
A,Process_Time,PKG_F|RCP_3,"initial_window_mean(n=25, machine pooled)",5.0168,up
A,Cooling_Flow,PKG_F|RCP_3,"initial_window_mean(n=25, machine pooled)",10.00928,down
A,Cooling_Water_Temp,PKG_F|RCP_3,"initial_window_mean(n=25, machine pooled)",22.10108,up
A,CLN_Flow,PKG_F|RCP_3,"initial_window_mean(n=25, machine pooled)",10.00092,down
A,Coating_Flow,PKG_F|RCP_3,"initial_window_mean(n=25, machine pooled)",49.96152,down
A,Head_Temp,PKG_F|RCP_4,"initial_window_mean(n=25, machine pooled)",42.05444,up
A,Vibration,PKG_F|RCP_4,"initial_window_mean(n=25, machine pooled)",0.14771,up
A,Alignment_Time,PKG_F|RCP_4,"initial_window_mean(n=25, machine pooled)",0.40072,up
A,Process_Time,PKG_F|RCP_4,"initial_window_mean(n=25, machine pooled)",4.99432,up
A,Cooling_Flow,PKG_F|RCP_4,"initial_window_mean(n=25, machine pooled)",9.9976,down
A,Cooling_Water_Temp,PKG_F|RCP_4,"initial_window_mean(n=25, machine pooled)",22.02976,up
A,CLN_Flow,PKG_F|RCP_4,"initial_window_mean(n=25, machine pooled)",10.00684,down
A,Coating_Flow,PKG_F|RCP_4,"initial_window_mean(n=25, machine pooled)",49.85108,down
A,Head_Temp,PKG_F|RCP_5,"initial_window_mean(n=25, machine pooled)",41.96104,up
A,Vibration,PKG_F|RCP_5,"initial_window_mean(n=25, machine pooled)",0.15147,up
A,Alignment_Time,PKG_F|RCP_5,"initial_window_mean(n=25, machine pooled)",0.39496,up
A,Process_Time,PKG_F|RCP_5,"initial_window_mean(n=25, machine pooled)",5.00764,up
A,Cooling_Flow,PKG_F|RCP_5,"initial_window_mean(n=25, machine pooled)",10.01024,down
A,Cooling_Water_Temp,PKG_F|RCP_5,"initial_window_mean(n=25, machine pooled)",21.99444,up
A,CLN_Flow,PKG_F|RCP_5,"initial_window_mean(n=25, machine pooled)",9.99408,down
A,Coating_Flow,PKG_F|RCP_5,"initial_window_mean(n=25, machine pooled)",49.9432,down
A,Head_Temp,PKG_F|RCP_6,"initial_window_mean(n=25, machine pooled)",41.97688,up
A,Vibration,PKG_F|RCP_6,"initial_window_mean(n=25, machine pooled)",0.15174,up
A,Alignment_Time,PKG_F|RCP_6,"initial_window_mean(n=25, machine pooled)",0.40312,up
A,Process_Time,PKG_F|RCP_6,"initial_window_mean(n=25, machine pooled)",4.9776,up
A,Cooling_Flow,PKG_F|RCP_6,"initial_window_mean(n=25, machine pooled)",10.008,down
A,Cooling_Water_Temp,PKG_F|RCP_6,"initial_window_mean(n=25, machine pooled)",22.06288,up
A,CLN_Flow,PKG_F|RCP_6,"initial_window_mean(n=25, machine pooled)",10.00524,down
A,Coating_Flow,PKG_F|RCP_6,"initial_window_mean(n=25, machine pooled)",50.04632,down
A,Head_Temp,PKG_F|RCP_7,"initial_window_mean(n=25, machine pooled)",41.92412,up
A,Vibration,PKG_F|RCP_7,"initial_window_mean(n=25, machine pooled)",0.15133,up
A,Alignment_Time,PKG_F|RCP_7,"initial_window_mean(n=25, machine pooled)",0.40253,up
A,Process_Time,PKG_F|RCP_7,"initial_window_mean(n=25, machine pooled)",4.969,up
A,Cooling_Flow,PKG_F|RCP_7,"initial_window_mean(n=25, machine pooled)",10.02624,down
A,Cooling_Water_Temp,PKG_F|RCP_7,"initial_window_mean(n=25, machine pooled)",22.08116,up
A,CLN_Flow,PKG_F|RCP_7,"initial_window_mean(n=25, machine pooled)",9.98636,down
A,Coating_Flow,PKG_F|RCP_7,"initial_window_mean(n=25, machine pooled)",49.796,down
A,Head_Temp,PKG_F|RCP_8,"initial_window_mean(n=25, machine pooled)",41.99096,up
A,Vibration,PKG_F|RCP_8,"initial_window_mean(n=25, machine pooled)",0.14894,up
A,Alignment_Time,PKG_F|RCP_8,"initial_window_mean(n=25, machine pooled)",0.39744,up
A,Process_Time,PKG_F|RCP_8,"initial_window_mean(n=25, machine pooled)",4.992,up
A,Cooling_Flow,PKG_F|RCP_8,"initial_window_mean(n=25, machine pooled)",10.041,down
A,Cooling_Water_Temp,PKG_F|RCP_8,"initial_window_mean(n=25, machine pooled)",22.0096,up
A,CLN_Flow,PKG_F|RCP_8,"initial_window_mean(n=25, machine pooled)",9.99028,down
A,Coating_Flow,PKG_F|RCP_8,"initial_window_mean(n=25, machine pooled)",50.0164,down
A,Head_Temp,PKG_F|RCP_9,"initial_window_mean(n=25, machine pooled)",41.9178,up
A,Vibration,PKG_F|RCP_9,"initial_window_mean(n=25, machine pooled)",0.1529,up
A,Alignment_Time,PKG_F|RCP_9,"initial_window_mean(n=25, machine pooled)",0.3958,up
A,Process_Time,PKG_F|RCP_9,"initial_window_mean(n=25, machine pooled)",4.99816,up
A,Cooling_Flow,PKG_F|RCP_9,"initial_window_mean(n=25, machine pooled)",10.01372,down
A,Cooling_Water_Temp,PKG_F|RCP_9,"initial_window_mean(n=25, machine pooled)",21.80532,up
A,CLN_Flow,PKG_F|RCP_9,"initial_window_mean(n=25, machine pooled)",9.99972,down
A,Coating_Flow,PKG_F|RCP_9,"initial_window_mean(n=25, machine pooled)",49.9182,down
B,Laser_Power,PKG_A|RCP_1,OK_median,18.484,
B,Power_Efficiency,PKG_A|RCP_1,OK_median,94.98,
B,Focus,PKG_A|RCP_1,OK_median,0.02,
B,Beam_Diameter,PKG_A|RCP_1,OK_median,34.994,
B,Kerf_Width_Profile,PKG_A|RCP_1,OK_median,50.0966,
B,Top_Kerf,PKG_A|RCP_1,OK_median,50.0976,
B,Bottom_Kerf,PKG_A|RCP_1,OK_median,50.0963,
B,Laser_Power,PKG_A|RCP_2,OK_median,18.487,
B,Power_Efficiency,PKG_A|RCP_2,OK_median,94.981,
B,Focus,PKG_A|RCP_2,OK_median,0.024,
B,Beam_Diameter,PKG_A|RCP_2,OK_median,34.998,
B,Kerf_Width_Profile,PKG_A|RCP_2,OK_median,50.09235,
B,Top_Kerf,PKG_A|RCP_2,OK_median,50.09775,
B,Bottom_Kerf,PKG_A|RCP_2,OK_median,50.09685,
B,Laser_Power,PKG_A|RCP_3,OK_median,18.4875,
B,Power_Efficiency,PKG_A|RCP_3,OK_median,94.99,
B,Focus,PKG_A|RCP_3,OK_median,0.0165,
B,Beam_Diameter,PKG_A|RCP_3,OK_median,34.9915,
B,Kerf_Width_Profile,PKG_A|RCP_3,OK_median,50.09285,
B,Top_Kerf,PKG_A|RCP_3,OK_median,50.09335,
B,Bottom_Kerf,PKG_A|RCP_3,OK_median,50.09415,
B,Laser_Power,PKG_A|RCP_4,OK_median,18.49,
B,Power_Efficiency,PKG_A|RCP_4,OK_median,94.9775,
B,Focus,PKG_A|RCP_4,OK_median,0.02,
B,Beam_Diameter,PKG_A|RCP_4,OK_median,35.019,
B,Kerf_Width_Profile,PKG_A|RCP_4,OK_median,50.09445,
B,Top_Kerf,PKG_A|RCP_4,OK_median,50.09555,
B,Bottom_Kerf,PKG_A|RCP_4,OK_median,50.09325,
B,Laser_Power,PKG_A|RCP_5,OK_median,18.489,
B,Power_Efficiency,PKG_A|RCP_5,OK_median,94.972,
B,Focus,PKG_A|RCP_5,OK_median,0.031,
B,Beam_Diameter,PKG_A|RCP_5,OK_median,34.9985,
B,Kerf_Width_Profile,PKG_A|RCP_5,OK_median,50.09445,
B,Top_Kerf,PKG_A|RCP_5,OK_median,50.0912,
B,Bottom_Kerf,PKG_A|RCP_5,OK_median,50.09385,
B,Laser_Power,PKG_A|RCP_6,OK_median,18.488,
B,Power_Efficiency,PKG_A|RCP_6,OK_median,94.986,
B,Focus,PKG_A|RCP_6,OK_median,0.021,
B,Beam_Diameter,PKG_A|RCP_6,OK_median,35.005,
B,Kerf_Width_Profile,PKG_A|RCP_6,OK_median,50.0935,
B,Top_Kerf,PKG_A|RCP_6,OK_median,50.0957,
B,Bottom_Kerf,PKG_A|RCP_6,OK_median,50.0964,
B,Laser_Power,PKG_A|RCP_7,OK_median,18.491,
B,Power_Efficiency,PKG_A|RCP_7,OK_median,94.981,
B,Focus,PKG_A|RCP_7,OK_median,0.0145,
B,Beam_Diameter,PKG_A|RCP_7,OK_median,35.0105,
B,Kerf_Width_Profile,PKG_A|RCP_7,OK_median,50.08655,
B,Top_Kerf,PKG_A|RCP_7,OK_median,50.0884,
B,Bottom_Kerf,PKG_A|RCP_7,OK_median,50.0925,
B,Laser_Power,PKG_A|RCP_8,OK_median,18.494,
B,Power_Efficiency,PKG_A|RCP_8,OK_median,94.987,
B,Focus,PKG_A|RCP_8,OK_median,0.014,
B,Beam_Diameter,PKG_A|RCP_8,OK_median,35.006,
B,Kerf_Width_Profile,PKG_A|RCP_8,OK_median,50.0957,
B,Top_Kerf,PKG_A|RCP_8,OK_median,50.08865,
B,Bottom_Kerf,PKG_A|RCP_8,OK_median,50.0916,
B,Laser_Power,PKG_A|RCP_9,OK_median,18.4845,
B,Power_Efficiency,PKG_A|RCP_9,OK_median,94.983,
B,Focus,PKG_A|RCP_9,OK_median,0.023,
B,Beam_Diameter,PKG_A|RCP_9,OK_median,34.997,
B,Kerf_Width_Profile,PKG_A|RCP_9,OK_median,50.09665,
B,Top_Kerf,PKG_A|RCP_9,OK_median,50.0948,
B,Bottom_Kerf,PKG_A|RCP_9,OK_median,50.0939,
B,Laser_Power,PKG_B|RCP_1,OK_median,18.491,
B,Power_Efficiency,PKG_B|RCP_1,OK_median,94.974,
B,Focus,PKG_B|RCP_1,OK_median,0.016,
B,Beam_Diameter,PKG_B|RCP_1,OK_median,35.005,
B,Kerf_Width_Profile,PKG_B|RCP_1,OK_median,50.0895,
B,Top_Kerf,PKG_B|RCP_1,OK_median,50.0901,
B,Bottom_Kerf,PKG_B|RCP_1,OK_median,50.0948,
B,Laser_Power,PKG_B|RCP_2,OK_median,18.488,
B,Power_Efficiency,PKG_B|RCP_2,OK_median,94.975,
B,Focus,PKG_B|RCP_2,OK_median,0.03,
B,Beam_Diameter,PKG_B|RCP_2,OK_median,34.996,
B,Kerf_Width_Profile,PKG_B|RCP_2,OK_median,50.0955,
B,Top_Kerf,PKG_B|RCP_2,OK_median,50.0942,
B,Bottom_Kerf,PKG_B|RCP_2,OK_median,50.0944,
B,Laser_Power,PKG_B|RCP_3,OK_median,18.488,
B,Power_Efficiency,PKG_B|RCP_3,OK_median,94.988,
B,Focus,PKG_B|RCP_3,OK_median,0.003,
B,Beam_Diameter,PKG_B|RCP_3,OK_median,34.988,
B,Kerf_Width_Profile,PKG_B|RCP_3,OK_median,50.09,
B,Top_Kerf,PKG_B|RCP_3,OK_median,50.0916,
B,Bottom_Kerf,PKG_B|RCP_3,OK_median,50.0971,
B,Laser_Power,PKG_B|RCP_4,OK_median,18.489,
B,Power_Efficiency,PKG_B|RCP_4,OK_median,94.983,
B,Focus,PKG_B|RCP_4,OK_median,0.018,
B,Beam_Diameter,PKG_B|RCP_4,OK_median,34.987,
B,Kerf_Width_Profile,PKG_B|RCP_4,OK_median,50.0921,
B,Top_Kerf,PKG_B|RCP_4,OK_median,50.0865,
B,Bottom_Kerf,PKG_B|RCP_4,OK_median,50.0917,
B,Laser_Power,PKG_B|RCP_5,OK_median,18.49,
B,Power_Efficiency,PKG_B|RCP_5,OK_median,94.9845,
B,Focus,PKG_B|RCP_5,OK_median,0.0235,
B,Beam_Diameter,PKG_B|RCP_5,OK_median,34.982,
B,Kerf_Width_Profile,PKG_B|RCP_5,OK_median,50.09575,
B,Top_Kerf,PKG_B|RCP_5,OK_median,50.09265,
B,Bottom_Kerf,PKG_B|RCP_5,OK_median,50.09385,
B,Laser_Power,PKG_B|RCP_6,OK_median,18.486,
B,Power_Efficiency,PKG_B|RCP_6,OK_median,94.987,
B,Focus,PKG_B|RCP_6,OK_median,0.018,
B,Beam_Diameter,PKG_B|RCP_6,OK_median,34.988,
B,Kerf_Width_Profile,PKG_B|RCP_6,OK_median,50.095,
B,Top_Kerf,PKG_B|RCP_6,OK_median,50.0921,
B,Bottom_Kerf,PKG_B|RCP_6,OK_median,50.0932,
B,Laser_Power,PKG_B|RCP_7,OK_median,18.488,
B,Power_Efficiency,PKG_B|RCP_7,OK_median,94.979,
B,Focus,PKG_B|RCP_7,OK_median,0.008,
B,Beam_Diameter,PKG_B|RCP_7,OK_median,34.987,
B,Kerf_Width_Profile,PKG_B|RCP_7,OK_median,50.093,
B,Top_Kerf,PKG_B|RCP_7,OK_median,50.0892,
B,Bottom_Kerf,PKG_B|RCP_7,OK_median,50.0927,
B,Laser_Power,PKG_B|RCP_8,OK_median,18.485,
B,Power_Efficiency,PKG_B|RCP_8,OK_median,94.98,
B,Focus,PKG_B|RCP_8,OK_median,0.019,
B,Beam_Diameter,PKG_B|RCP_8,OK_median,35.009,
B,Kerf_Width_Profile,PKG_B|RCP_8,OK_median,50.0966,
B,Top_Kerf,PKG_B|RCP_8,OK_median,50.0937,
B,Bottom_Kerf,PKG_B|RCP_8,OK_median,50.0967,
B,Laser_Power,PKG_B|RCP_9,OK_median,18.487,
B,Power_Efficiency,PKG_B|RCP_9,OK_median,94.976,
B,Focus,PKG_B|RCP_9,OK_median,0.0225,
B,Beam_Diameter,PKG_B|RCP_9,OK_median,35.01,
B,Kerf_Width_Profile,PKG_B|RCP_9,OK_median,50.0986,
B,Top_Kerf,PKG_B|RCP_9,OK_median,50.09315,
B,Bottom_Kerf,PKG_B|RCP_9,OK_median,50.0939,
B,Laser_Power,PKG_C|RCP_1,OK_median,18.489,
B,Power_Efficiency,PKG_C|RCP_1,OK_median,94.977,
B,Focus,PKG_C|RCP_1,OK_median,0.011,
B,Beam_Diameter,PKG_C|RCP_1,OK_median,35.007,
B,Kerf_Width_Profile,PKG_C|RCP_1,OK_median,50.0999,
B,Top_Kerf,PKG_C|RCP_1,OK_median,50.0922,
B,Bottom_Kerf,PKG_C|RCP_1,OK_median,50.0966,
B,Laser_Power,PKG_C|RCP_2,OK_median,18.483,
B,Power_Efficiency,PKG_C|RCP_2,OK_median,94.971,
B,Focus,PKG_C|RCP_2,OK_median,0.03,
B,Beam_Diameter,PKG_C|RCP_2,OK_median,34.991,
B,Kerf_Width_Profile,PKG_C|RCP_2,OK_median,50.09805,
B,Top_Kerf,PKG_C|RCP_2,OK_median,50.0965,
B,Bottom_Kerf,PKG_C|RCP_2,OK_median,50.1006,
B,Laser_Power,PKG_C|RCP_3,OK_median,18.486,
B,Power_Efficiency,PKG_C|RCP_3,OK_median,94.9815,
B,Focus,PKG_C|RCP_3,OK_median,0.032,
B,Beam_Diameter,PKG_C|RCP_3,OK_median,35,
B,Kerf_Width_Profile,PKG_C|RCP_3,OK_median,50.0908,
B,Top_Kerf,PKG_C|RCP_3,OK_median,50.09405,
B,Bottom_Kerf,PKG_C|RCP_3,OK_median,50.09405,
B,Laser_Power,PKG_C|RCP_4,OK_median,18.489,
B,Power_Efficiency,PKG_C|RCP_4,OK_median,94.977,
B,Focus,PKG_C|RCP_4,OK_median,0.018,
B,Beam_Diameter,PKG_C|RCP_4,OK_median,35.007,
B,Kerf_Width_Profile,PKG_C|RCP_4,OK_median,50.0952,
B,Top_Kerf,PKG_C|RCP_4,OK_median,50.0922,
B,Bottom_Kerf,PKG_C|RCP_4,OK_median,50.0906,
B,Laser_Power,PKG_C|RCP_5,OK_median,18.486,
B,Power_Efficiency,PKG_C|RCP_5,OK_median,94.987,
B,Focus,PKG_C|RCP_5,OK_median,0.014,
B,Beam_Diameter,PKG_C|RCP_5,OK_median,34.998,
B,Kerf_Width_Profile,PKG_C|RCP_5,OK_median,50.0962,
B,Top_Kerf,PKG_C|RCP_5,OK_median,50.0959,
B,Bottom_Kerf,PKG_C|RCP_5,OK_median,50.0948,
B,Laser_Power,PKG_C|RCP_6,OK_median,18.486,
B,Power_Efficiency,PKG_C|RCP_6,OK_median,94.9795,
B,Focus,PKG_C|RCP_6,OK_median,0.019,
B,Beam_Diameter,PKG_C|RCP_6,OK_median,35.004,
B,Kerf_Width_Profile,PKG_C|RCP_6,OK_median,50.0923,
B,Top_Kerf,PKG_C|RCP_6,OK_median,50.0912,
B,Bottom_Kerf,PKG_C|RCP_6,OK_median,50.09505,
B,Laser_Power,PKG_C|RCP_7,OK_median,18.485,
B,Power_Efficiency,PKG_C|RCP_7,OK_median,94.977,
B,Focus,PKG_C|RCP_7,OK_median,0.013,
B,Beam_Diameter,PKG_C|RCP_7,OK_median,34.994,
B,Kerf_Width_Profile,PKG_C|RCP_7,OK_median,50.09655,
B,Top_Kerf,PKG_C|RCP_7,OK_median,50.09225,
B,Bottom_Kerf,PKG_C|RCP_7,OK_median,50.0956,
B,Laser_Power,PKG_C|RCP_8,OK_median,18.485,
B,Power_Efficiency,PKG_C|RCP_8,OK_median,94.987,
B,Focus,PKG_C|RCP_8,OK_median,0.019,
B,Beam_Diameter,PKG_C|RCP_8,OK_median,34.9955,
B,Kerf_Width_Profile,PKG_C|RCP_8,OK_median,50.0961,
B,Top_Kerf,PKG_C|RCP_8,OK_median,50.0931,
B,Bottom_Kerf,PKG_C|RCP_8,OK_median,50.1,
B,Laser_Power,PKG_C|RCP_9,OK_median,18.493,
B,Power_Efficiency,PKG_C|RCP_9,OK_median,94.981,
B,Focus,PKG_C|RCP_9,OK_median,0.015,
B,Beam_Diameter,PKG_C|RCP_9,OK_median,35.01,
B,Kerf_Width_Profile,PKG_C|RCP_9,OK_median,50.08955,
B,Top_Kerf,PKG_C|RCP_9,OK_median,50.09135,
B,Bottom_Kerf,PKG_C|RCP_9,OK_median,50.0955,
B,Laser_Power,PKG_D|RCP_1,OK_median,18.4925,
B,Power_Efficiency,PKG_D|RCP_1,OK_median,94.9715,
B,Focus,PKG_D|RCP_1,OK_median,0.01,
B,Beam_Diameter,PKG_D|RCP_1,OK_median,35.003,
B,Kerf_Width_Profile,PKG_D|RCP_1,OK_median,50.09385,
B,Top_Kerf,PKG_D|RCP_1,OK_median,50.093,
B,Bottom_Kerf,PKG_D|RCP_1,OK_median,50.09785,
B,Laser_Power,PKG_D|RCP_2,OK_median,18.487,
B,Power_Efficiency,PKG_D|RCP_2,OK_median,94.982,
B,Focus,PKG_D|RCP_2,OK_median,0.026,
B,Beam_Diameter,PKG_D|RCP_2,OK_median,35.016,
B,Kerf_Width_Profile,PKG_D|RCP_2,OK_median,50.0995,
B,Top_Kerf,PKG_D|RCP_2,OK_median,50.0965,
B,Bottom_Kerf,PKG_D|RCP_2,OK_median,50.0977,
B,Laser_Power,PKG_D|RCP_3,OK_median,18.488,
B,Power_Efficiency,PKG_D|RCP_3,OK_median,94.98,
B,Focus,PKG_D|RCP_3,OK_median,0.037,
B,Beam_Diameter,PKG_D|RCP_3,OK_median,34.994,
B,Kerf_Width_Profile,PKG_D|RCP_3,OK_median,50.0962,
B,Top_Kerf,PKG_D|RCP_3,OK_median,50.0947,
B,Bottom_Kerf,PKG_D|RCP_3,OK_median,50.0942,
B,Laser_Power,PKG_D|RCP_4,OK_median,18.484,
B,Power_Efficiency,PKG_D|RCP_4,OK_median,94.981,
B,Focus,PKG_D|RCP_4,OK_median,0.011,
B,Beam_Diameter,PKG_D|RCP_4,OK_median,34.994,
B,Kerf_Width_Profile,PKG_D|RCP_4,OK_median,50.0946,
B,Top_Kerf,PKG_D|RCP_4,OK_median,50.0955,
B,Bottom_Kerf,PKG_D|RCP_4,OK_median,50.096,
B,Laser_Power,PKG_D|RCP_5,OK_median,18.488,
B,Power_Efficiency,PKG_D|RCP_5,OK_median,94.979,
B,Focus,PKG_D|RCP_5,OK_median,0.02,
B,Beam_Diameter,PKG_D|RCP_5,OK_median,35.003,
B,Kerf_Width_Profile,PKG_D|RCP_5,OK_median,50.0975,
B,Top_Kerf,PKG_D|RCP_5,OK_median,50.0961,
B,Bottom_Kerf,PKG_D|RCP_5,OK_median,50.0925,
B,Laser_Power,PKG_D|RCP_6,OK_median,18.488,
B,Power_Efficiency,PKG_D|RCP_6,OK_median,94.975,
B,Focus,PKG_D|RCP_6,OK_median,0.009,
B,Beam_Diameter,PKG_D|RCP_6,OK_median,34.988,
B,Kerf_Width_Profile,PKG_D|RCP_6,OK_median,50.09575,
B,Top_Kerf,PKG_D|RCP_6,OK_median,50.0944,
B,Bottom_Kerf,PKG_D|RCP_6,OK_median,50.0911,
B,Laser_Power,PKG_D|RCP_7,OK_median,18.488,
B,Power_Efficiency,PKG_D|RCP_7,OK_median,94.986,
B,Focus,PKG_D|RCP_7,OK_median,0.02,
B,Beam_Diameter,PKG_D|RCP_7,OK_median,35.005,
B,Kerf_Width_Profile,PKG_D|RCP_7,OK_median,50.0935,
B,Top_Kerf,PKG_D|RCP_7,OK_median,50.0936,
B,Bottom_Kerf,PKG_D|RCP_7,OK_median,50.0932,
B,Laser_Power,PKG_D|RCP_8,OK_median,18.486,
B,Power_Efficiency,PKG_D|RCP_8,OK_median,94.985,
B,Focus,PKG_D|RCP_8,OK_median,0.023,
B,Beam_Diameter,PKG_D|RCP_8,OK_median,34.984,
B,Kerf_Width_Profile,PKG_D|RCP_8,OK_median,50.0963,
B,Top_Kerf,PKG_D|RCP_8,OK_median,50.0941,
B,Bottom_Kerf,PKG_D|RCP_8,OK_median,50.0941,
B,Laser_Power,PKG_D|RCP_9,OK_median,18.489,
B,Power_Efficiency,PKG_D|RCP_9,OK_median,94.9755,
B,Focus,PKG_D|RCP_9,OK_median,0.0235,
B,Beam_Diameter,PKG_D|RCP_9,OK_median,34.992,
B,Kerf_Width_Profile,PKG_D|RCP_9,OK_median,50.0943,
B,Top_Kerf,PKG_D|RCP_9,OK_median,50.0912,
B,Bottom_Kerf,PKG_D|RCP_9,OK_median,50.0951,
B,Laser_Power,PKG_E|RCP_1,OK_median,18.493,
B,Power_Efficiency,PKG_E|RCP_1,OK_median,94.975,
B,Focus,PKG_E|RCP_1,OK_median,0.008,
B,Beam_Diameter,PKG_E|RCP_1,OK_median,34.992,
B,Kerf_Width_Profile,PKG_E|RCP_1,OK_median,50.0917,
B,Top_Kerf,PKG_E|RCP_1,OK_median,50.0927,
B,Bottom_Kerf,PKG_E|RCP_1,OK_median,50.0945,
B,Laser_Power,PKG_E|RCP_2,OK_median,18.493,
B,Power_Efficiency,PKG_E|RCP_2,OK_median,94.978,
B,Focus,PKG_E|RCP_2,OK_median,0.0205,
B,Beam_Diameter,PKG_E|RCP_2,OK_median,34.985,
B,Kerf_Width_Profile,PKG_E|RCP_2,OK_median,50.09105,
B,Top_Kerf,PKG_E|RCP_2,OK_median,50.08535,
B,Bottom_Kerf,PKG_E|RCP_2,OK_median,50.08885,
B,Laser_Power,PKG_E|RCP_3,OK_median,18.489,
B,Power_Efficiency,PKG_E|RCP_3,OK_median,94.985,
B,Focus,PKG_E|RCP_3,OK_median,0.018,
B,Beam_Diameter,PKG_E|RCP_3,OK_median,34.9945,
B,Kerf_Width_Profile,PKG_E|RCP_3,OK_median,50.09425,
B,Top_Kerf,PKG_E|RCP_3,OK_median,50.0913,
B,Bottom_Kerf,PKG_E|RCP_3,OK_median,50.0887,
B,Laser_Power,PKG_E|RCP_4,OK_median,18.49,
B,Power_Efficiency,PKG_E|RCP_4,OK_median,94.981,
B,Focus,PKG_E|RCP_4,OK_median,0.024,
B,Beam_Diameter,PKG_E|RCP_4,OK_median,35.011,
B,Kerf_Width_Profile,PKG_E|RCP_4,OK_median,50.0962,
B,Top_Kerf,PKG_E|RCP_4,OK_median,50.0974,
B,Bottom_Kerf,PKG_E|RCP_4,OK_median,50.0941,
B,Laser_Power,PKG_E|RCP_5,OK_median,18.491,
B,Power_Efficiency,PKG_E|RCP_5,OK_median,94.995,
B,Focus,PKG_E|RCP_5,OK_median,0.0175,
B,Beam_Diameter,PKG_E|RCP_5,OK_median,35.005,
B,Kerf_Width_Profile,PKG_E|RCP_5,OK_median,50.0904,
B,Top_Kerf,PKG_E|RCP_5,OK_median,50.09185,
B,Bottom_Kerf,PKG_E|RCP_5,OK_median,50.09135,
B,Laser_Power,PKG_E|RCP_6,OK_median,18.487,
B,Power_Efficiency,PKG_E|RCP_6,OK_median,94.979,
B,Focus,PKG_E|RCP_6,OK_median,0.0235,
B,Beam_Diameter,PKG_E|RCP_6,OK_median,34.994,
B,Kerf_Width_Profile,PKG_E|RCP_6,OK_median,50.0993,
B,Top_Kerf,PKG_E|RCP_6,OK_median,50.09135,
B,Bottom_Kerf,PKG_E|RCP_6,OK_median,50.0982,
B,Laser_Power,PKG_E|RCP_7,OK_median,18.49,
B,Power_Efficiency,PKG_E|RCP_7,OK_median,94.984,
B,Focus,PKG_E|RCP_7,OK_median,0.0095,
B,Beam_Diameter,PKG_E|RCP_7,OK_median,34.994,
B,Kerf_Width_Profile,PKG_E|RCP_7,OK_median,50.0942,
B,Top_Kerf,PKG_E|RCP_7,OK_median,50.09345,
B,Bottom_Kerf,PKG_E|RCP_7,OK_median,50.0919,
B,Laser_Power,PKG_E|RCP_8,OK_median,18.487,
B,Power_Efficiency,PKG_E|RCP_8,OK_median,94.985,
B,Focus,PKG_E|RCP_8,OK_median,0.015,
B,Beam_Diameter,PKG_E|RCP_8,OK_median,34.995,
B,Kerf_Width_Profile,PKG_E|RCP_8,OK_median,50.09395,
B,Top_Kerf,PKG_E|RCP_8,OK_median,50.09315,
B,Bottom_Kerf,PKG_E|RCP_8,OK_median,50.09085,
B,Laser_Power,PKG_E|RCP_9,OK_median,18.488,
B,Power_Efficiency,PKG_E|RCP_9,OK_median,94.982,
B,Focus,PKG_E|RCP_9,OK_median,0.02,
B,Beam_Diameter,PKG_E|RCP_9,OK_median,34.999,
B,Kerf_Width_Profile,PKG_E|RCP_9,OK_median,50.0957,
B,Top_Kerf,PKG_E|RCP_9,OK_median,50.0922,
B,Bottom_Kerf,PKG_E|RCP_9,OK_median,50.0937,
B,Laser_Power,PKG_F|RCP_1,OK_median,18.485,
B,Power_Efficiency,PKG_F|RCP_1,OK_median,94.982,
B,Focus,PKG_F|RCP_1,OK_median,0.018,
B,Beam_Diameter,PKG_F|RCP_1,OK_median,35.003,
B,Kerf_Width_Profile,PKG_F|RCP_1,OK_median,50.09735,
B,Top_Kerf,PKG_F|RCP_1,OK_median,50.09575,
B,Bottom_Kerf,PKG_F|RCP_1,OK_median,50.0942,
B,Laser_Power,PKG_F|RCP_2,OK_median,18.488,
B,Power_Efficiency,PKG_F|RCP_2,OK_median,94.974,
B,Focus,PKG_F|RCP_2,OK_median,0.021,
B,Beam_Diameter,PKG_F|RCP_2,OK_median,34.998,
B,Kerf_Width_Profile,PKG_F|RCP_2,OK_median,50.0962,
B,Top_Kerf,PKG_F|RCP_2,OK_median,50.0956,
B,Bottom_Kerf,PKG_F|RCP_2,OK_median,50.0946,
B,Laser_Power,PKG_F|RCP_3,OK_median,18.491,
B,Power_Efficiency,PKG_F|RCP_3,OK_median,94.9875,
B,Focus,PKG_F|RCP_3,OK_median,0.0085,
B,Beam_Diameter,PKG_F|RCP_3,OK_median,35,
B,Kerf_Width_Profile,PKG_F|RCP_3,OK_median,50.09165,
B,Top_Kerf,PKG_F|RCP_3,OK_median,50.08905,
B,Bottom_Kerf,PKG_F|RCP_3,OK_median,50.0943,
B,Laser_Power,PKG_F|RCP_4,OK_median,18.486,
B,Power_Efficiency,PKG_F|RCP_4,OK_median,94.9785,
B,Focus,PKG_F|RCP_4,OK_median,0.012,
B,Beam_Diameter,PKG_F|RCP_4,OK_median,35.0245,
B,Kerf_Width_Profile,PKG_F|RCP_4,OK_median,50.09615,
B,Top_Kerf,PKG_F|RCP_4,OK_median,50.0972,
B,Bottom_Kerf,PKG_F|RCP_4,OK_median,50.09775,
B,Laser_Power,PKG_F|RCP_5,OK_median,18.484,
B,Power_Efficiency,PKG_F|RCP_5,OK_median,94.985,
B,Focus,PKG_F|RCP_5,OK_median,0.008,
B,Beam_Diameter,PKG_F|RCP_5,OK_median,35.011,
B,Kerf_Width_Profile,PKG_F|RCP_5,OK_median,50.0993,
B,Top_Kerf,PKG_F|RCP_5,OK_median,50.0952,
B,Bottom_Kerf,PKG_F|RCP_5,OK_median,50.0991,
B,Laser_Power,PKG_F|RCP_6,OK_median,18.488,
B,Power_Efficiency,PKG_F|RCP_6,OK_median,94.976,
B,Focus,PKG_F|RCP_6,OK_median,0.018,
B,Beam_Diameter,PKG_F|RCP_6,OK_median,34.99,
B,Kerf_Width_Profile,PKG_F|RCP_6,OK_median,50.0941,
B,Top_Kerf,PKG_F|RCP_6,OK_median,50.0918,
B,Bottom_Kerf,PKG_F|RCP_6,OK_median,50.0967,
B,Laser_Power,PKG_F|RCP_7,OK_median,18.4835,
B,Power_Efficiency,PKG_F|RCP_7,OK_median,94.974,
B,Focus,PKG_F|RCP_7,OK_median,0.012,
B,Beam_Diameter,PKG_F|RCP_7,OK_median,35.0005,
B,Kerf_Width_Profile,PKG_F|RCP_7,OK_median,50.09825,
B,Top_Kerf,PKG_F|RCP_7,OK_median,50.09195,
B,Bottom_Kerf,PKG_F|RCP_7,OK_median,50.1,
B,Laser_Power,PKG_F|RCP_8,OK_median,18.487,
B,Power_Efficiency,PKG_F|RCP_8,OK_median,94.983,
B,Focus,PKG_F|RCP_8,OK_median,0.0125,
B,Beam_Diameter,PKG_F|RCP_8,OK_median,35.005,
B,Kerf_Width_Profile,PKG_F|RCP_8,OK_median,50.08715,
B,Top_Kerf,PKG_F|RCP_8,OK_median,50.08725,
B,Bottom_Kerf,PKG_F|RCP_8,OK_median,50.0913,
B,Laser_Power,PKG_F|RCP_9,OK_median,18.489,
B,Power_Efficiency,PKG_F|RCP_9,OK_median,94.992,
B,Focus,PKG_F|RCP_9,OK_median,0.022,
B,Beam_Diameter,PKG_F|RCP_9,OK_median,35.001,
B,Kerf_Width_Profile,PKG_F|RCP_9,OK_median,50.0927,
B,Top_Kerf,PKG_F|RCP_9,OK_median,50.0891,
B,Bottom_Kerf,PKG_F|RCP_9,OK_median,50.0898,
B,CLN_Time,PKG_A|RCP_1,OK_median (재분류: C->B),15.011,
B,CLN_Time,PKG_A|RCP_2,OK_median (재분류: C->B),14.983,
B,CLN_Time,PKG_A|RCP_3,OK_median (재분류: C->B),14.9795,
B,CLN_Time,PKG_A|RCP_4,OK_median (재분류: C->B),15.009,
B,CLN_Time,PKG_A|RCP_5,OK_median (재분류: C->B),14.9735,
B,CLN_Time,PKG_A|RCP_6,OK_median (재분류: C->B),15.007,
B,CLN_Time,PKG_A|RCP_7,OK_median (재분류: C->B),15.015,
B,CLN_Time,PKG_A|RCP_8,OK_median (재분류: C->B),14.9875,
B,CLN_Time,PKG_A|RCP_9,OK_median (재분류: C->B),15.0055,
B,CLN_Time,PKG_B|RCP_1,OK_median (재분류: C->B),15.025,
B,CLN_Time,PKG_B|RCP_2,OK_median (재분류: C->B),14.969,
B,CLN_Time,PKG_B|RCP_3,OK_median (재분류: C->B),14.999,
B,CLN_Time,PKG_B|RCP_4,OK_median (재분류: C->B),14.997,
B,CLN_Time,PKG_B|RCP_5,OK_median (재분류: C->B),15.0035,
B,CLN_Time,PKG_B|RCP_6,OK_median (재분류: C->B),15.026,
B,CLN_Time,PKG_B|RCP_7,OK_median (재분류: C->B),15.026,
B,CLN_Time,PKG_B|RCP_8,OK_median (재분류: C->B),14.985,
B,CLN_Time,PKG_B|RCP_9,OK_median (재분류: C->B),14.9935,
B,CLN_Time,PKG_C|RCP_1,OK_median (재분류: C->B),14.994,
B,CLN_Time,PKG_C|RCP_2,OK_median (재분류: C->B),15.0055,
B,CLN_Time,PKG_C|RCP_3,OK_median (재분류: C->B),15.0305,
B,CLN_Time,PKG_C|RCP_4,OK_median (재분류: C->B),14.991,
B,CLN_Time,PKG_C|RCP_5,OK_median (재분류: C->B),15.009,
B,CLN_Time,PKG_C|RCP_6,OK_median (재분류: C->B),14.977,
B,CLN_Time,PKG_C|RCP_7,OK_median (재분류: C->B),14.992,
B,CLN_Time,PKG_C|RCP_8,OK_median (재분류: C->B),15.0255,
B,CLN_Time,PKG_C|RCP_9,OK_median (재분류: C->B),15.016,
B,CLN_Time,PKG_D|RCP_1,OK_median (재분류: C->B),15.0335,
B,CLN_Time,PKG_D|RCP_2,OK_median (재분류: C->B),14.997,
B,CLN_Time,PKG_D|RCP_3,OK_median (재분류: C->B),15.025,
B,CLN_Time,PKG_D|RCP_4,OK_median (재분류: C->B),15.035,
B,CLN_Time,PKG_D|RCP_5,OK_median (재분류: C->B),14.996,
B,CLN_Time,PKG_D|RCP_6,OK_median (재분류: C->B),14.981,
B,CLN_Time,PKG_D|RCP_7,OK_median (재분류: C->B),15.032,
B,CLN_Time,PKG_D|RCP_8,OK_median (재분류: C->B),15.011,
B,CLN_Time,PKG_D|RCP_9,OK_median (재분류: C->B),14.9985,
B,CLN_Time,PKG_E|RCP_1,OK_median (재분류: C->B),14.989,
B,CLN_Time,PKG_E|RCP_2,OK_median (재분류: C->B),15.036,
B,CLN_Time,PKG_E|RCP_3,OK_median (재분류: C->B),14.9955,
B,CLN_Time,PKG_E|RCP_4,OK_median (재분류: C->B),14.975,
B,CLN_Time,PKG_E|RCP_5,OK_median (재분류: C->B),14.9915,
B,CLN_Time,PKG_E|RCP_6,OK_median (재분류: C->B),14.991,
B,CLN_Time,PKG_E|RCP_7,OK_median (재분류: C->B),14.9775,
B,CLN_Time,PKG_E|RCP_8,OK_median (재분류: C->B),14.987,
B,CLN_Time,PKG_E|RCP_9,OK_median (재분류: C->B),15.005,
B,CLN_Time,PKG_F|RCP_1,OK_median (재분류: C->B),15.009,
B,CLN_Time,PKG_F|RCP_2,OK_median (재분류: C->B),15.009,
B,CLN_Time,PKG_F|RCP_3,OK_median (재분류: C->B),15.0245,
B,CLN_Time,PKG_F|RCP_4,OK_median (재분류: C->B),14.975,
B,CLN_Time,PKG_F|RCP_5,OK_median (재분류: C->B),15.005,
B,CLN_Time,PKG_F|RCP_6,OK_median (재분류: C->B),14.978,
B,CLN_Time,PKG_F|RCP_7,OK_median (재분류: C->B),14.971,
B,CLN_Time,PKG_F|RCP_8,OK_median (재분류: C->B),15.0215,
B,CLN_Time,PKG_F|RCP_9,OK_median (재분류: C->B),15.016,
