Machine_ID,date,Head_Temp,Coating_Uniformity,Surface_Roughness,Yield,Particle_rate,Remain_Coat_rate,Micro_Crack_rate,Chipping_rate,samples,Head_Temp_7d_ma,Coating_Uniformity_7d_ma,Surface_Roughness_7d_ma,Yield_7d_ma
DP01,2026-01-01,41.996542124542124,98.78517948717949,0.5812593406593406,99.88644688644689,0.040293040293040296,0.02197802197802198,0.0,0.0,273,,,,
DP01,2026-01-02,41.97592882562278,98.7928540925267,0.5844170818505339,99.86120996441281,0.07473309608540925,0.0035587188612099642,0.0,0.0,281,,,,
DP01,2026-01-03,41.949113879003555,98.81232740213522,0.5840249110320285,99.82651245551601,0.07829181494661921,0.021352313167259787,0.0,0.0,281,41.973861609722825,98.79678699394714,0.583233777847301,99.85805643545858
DP01,2026-01-04,41.96808214285714,98.80424285714285,0.5829821428571429,99.85803571428572,0.06785714285714285,0.017857142857142856,0.0,0.0,280,41.9724167430064,98.79865095974607,0.5831708690997615,99.85805125516535
DP01,2026-01-05,42.00153307392996,98.82482879377432,0.5822136186770428,99.83560311284047,0.07003891050583658,0.019455252918287938,0.0,0.0,257,41.97824000919111,98.80388652655172,0.5829794190152178,99.85356162670038
DP01,2026-01-06,41.99053183520599,98.79833707865168,0.5866988764044944,99.86610486891385,0.056179775280898875,0.026217228464419477,0.0,0.0,267,41.98028864686026,98.80296161856838,0.5835993285800972,99.8556521670693
DP01,2026-01-07,41.99170909090909,98.80451636363635,0.5820134545454545,99.86,0.06545454545454546,0.01818181818181818,0.0036363636363636364,0.0,275,41.98192013886723,98.80318372500666,0.5833727751465768,99.85627328605939
DP01,2026-01-08,42.006274647887324,98.81338028169014,0.5848,99.81073943661971,0.1056338028169014,0.02464788732394366,0.0,0.0,284,41.98331049934512,98.80721240993675,0.5838785836238138,99.8454579360841
DP01,2026-01-09,41.99705128205128,98.79649084249084,0.5808153846153846,99.8415750915751,0.047619047619047616,0.02564102564102564,0.0,0.0,273,41.98632799312062,98.80773194564593,0.5833640554473639,99.84265295425011
DP01,2026-01-10,42.02071691176471,98.80615441176471,0.5808257352941176,99.88786764705883,0.05514705882352941,0.014705882352941176,0.0,0.0,272,41.99655699780078,98.80685008987871,0.5829070303419481,99.8514179816134
DP01,2026-01-11,42.02058364312268,98.7547843866171,0.5806197026022305,99.89684014869889,0.055762081784386616,0.01858736059479554,0.0,0.0,269,42.00405721212444,98.7997845940893,0.5825695388769606,99.85696147224384
DP01,2026-01-12,41.99839130434783,98.82584280936454,0.5847461538461538,99.87541806020067,0.046822742474916385,0.026755852842809364,0.0,0.0,299,42.00360838789841,98.79992945345933,0.582931329615405,99.86264932186671
DP01,2026-01-13,41.97886101694915,98.79471525423729,0.5847684745762711,99.84152542372881,0.07796610169491526,0.01694915254237288,0.0,0.0,295,42.001941128147436,98.79941204997156,0.5826555579256588,99.85913797255456
DP01,2026-01-14,41.96961130742049,98.81928268551236,0.5807851590106007,99.86837455830388,0.06713780918727916,0.01060070671378092,0.0,0.0,283,41.99878430193478,98.80152152452527,0.5824800871349655,99.86033433802655
DP01,2026-01-15,41.997097643097646,98.78898989898991,0.5852754208754208,99.88047138047138,0.05723905723905724,0.013468013468013467,0.0,0.0,297,41.99747330125054,98.79803718413953,0.5825480044028827,99.87029604429108
DP01,2026-01-16,42.00448659003832,98.80612643678161,0.5858352490421456,99.84578544061303,0.05747126436781609,0.011494252873563218,0.0,0.0,261,41.99853548810584,98.79941369760965,0.58326512789242,99.87089752272507
DP01,2026-01-17,42.011259493670885,98.78608544303798,0.5852787974683544,99.85601265822785,0.0759493670886076,0.012658227848101266,0.0,0.0,316,41.99718442837814,98.79654670207726,0.5839012796315968,99.86634681003491
DP01,2026-01-18,41.980465384615385,98.75622307692308,0.5821046153846153,99.88557692307693,0.06153846153846154,0.015384615384615385,0.0,0.0,260,41.991453248591384,98.79675222926383,0.5841134100290802,99.86473777780323
DP01,2026-01-19,42.005864583333334,98.77753819444445,0.5815458333333333,99.87065972222223,0.059027777777777776,0.020833333333333332,0.0,0.0,288,41.99252085987503,98.78985156998954,0.5836562213843915,99.86405801523486
DP01,2026-01-20,42.00172377622378,98.76553496503496,0.585815034965035,99.7736013986014,0.09090909090909091,0.024475524475524476,0.0,0.0,286,41.995786968342834,98.78568295724634,0.5838057300113579,99.8543545830738
DP01,2026-01-21,42.003236065573766,98.82237377049181,0.5817196721311475,99.86229508196722,0.07540983606557378,0.01639344262295082,0.0,0.0,305,42.00059050522187,98.78612454081484,0.5839392318857216,99.8534860864543
DP01,2026-01-22,41.97604895104895,98.82589160839161,0.5849045454545455,99.78321678321679,0.08041958041958042,0.03496503496503497,0.0,0.0,286,41.99758354921492,98.7913962135865,0.5838862496827394,99.83959257256079
DP01,2026-01-23,42.00265562913907,98.79626821192053,0.5862860927152318,99.86092715231788,0.0728476821192053,0.009933774834437087,0.0,0.0,302,41.99732198337217,98.7899878957492,0.5839506559217519,99.8417556742329
DP01,2026-01-24,42.015089552238805,98.78246641791046,0.5811820895522388,99.81156716417911,0.07835820895522388,0.029850746268656716,0.0,0.0,268,41.99786913459616,98.78947089215956,0.5833654119337354,99.83540631794021
DP01,2026-01-25,42.013184668989545,98.80529616724738,0.581248432055749,99.87369337979094,0.06968641114982578,0.010452961672473868,0.0,0.0,287,42.002543318078175,98.79648133363445,0.5832431000296115,99.83370866889936
DP01,2026-01-26,42.00983012820513,98.81530448717949,0.5842634615384615,99.79807692307692,0.10576923076923077,0.022435897435897436,0.0,0.0,312,42.00310982448843,98.80187651831089,0.5836313326303442,99.8233396975929
DP01,2026-01-27,42.00095422535212,98.82002112676057,0.5823700704225352,99.86531690140845,0.07394366197183098,0.014084507042253521,0.0035211267605633804,0.0,284,42.002999888649626,98.80966025570027,0.5831391948385585,99.83644191227962
DP01,2026-01-28,42.04322222222222,98.80386379928315,0.5811602150537635,99.84946236559139,0.05017921146953405,0.025089605734767026,0.0,0.0,279,42.00871219674226,98.80701597409903,0.5830592723989322,99.83460866708307
DP01,2026-01-29,41.97248375451264,98.79878339350181,0.5832361010830325,99.87635379061372,0.06859205776173286,0.018050541516245487,0.0,0.0,277,42.00820288295136,98.80314337197193,0.5828209232030017,99.84791395385405
DP01,2026-01-30,42.02631226765799,98.81763940520446,0.5834382899628252,99.87918215613382,0.05204460966542751,0.01486988847583643,0.0,0.0,269,42.01158240273978,98.8061963995839,0.5824140942383723,99.85052181154205
DP01,2026-01-31,42.025072992700736,98.82205839416058,0.5804762773722628,99.9014598540146,0.040145985401459854,0.021897810218978103,0.0,0.0,274,42.01300860852005,98.81185239619106,0.5823132639269472,99.86336362437568
DP01,2026-02-01,42.00011827956989,98.80369534050179,0.5809437275985664,99.83960573476702,0.05017921146953405,0.025089605734767026,0.0,0.0,279,42.011141981460106,98.81162370665598,0.5822697347187782,99.85849396080084
DP01,2026-02-02,42.01398039215687,98.79023137254902,0.5811870588235294,99.87549019607843,0.06274509803921569,0.0196078431372549,0.0,0.0,255,42.01173487631035,98.80804183313732,0.581830248616645,99.86955299980106
DP01,2026-02-03,41.99347583643123,98.78461338289964,0.5855275092936802,99.79460966542752,0.08178438661710037,0.02973977695167286,0.0,0.0,269,42.010666535035945,98.80298358401434,0.5822813113125228,99.8594519660895
DP01,2026-02-04,42.009116935483874,98.77987903225807,0.5869681451612903,99.83770161290323,0.07661290322580645,0.024193548387096774,0.0,0.0,248,42.00579435121618,98.79955718872505,0.5831110156135981,99.85777185856261
DP01,2026-02-05,42.00596180555556,98.80424305555556,0.5860583333333333,99.86371527777777,0.08680555555555555,0.013888888888888888,0.0,0.0,288,42.01057692993659,98.80033714044703,0.5835141916493554,99.85596635672891
DP01,2026-02-06,41.975531249999996,98.79464930555555,0.5822732638888889,99.85503472222223,0.059027777777777776,0.017361111111111112,0.0,0.0,288,42.00332249884259,98.79705284049716,0.5833477593530788,99.85251672331297
DP01,2026-02-07,42.028325342465756,98.80914383561644,0.5816616438356165,99.85958904109589,0.0547945205479452,0.02054794520547945,0.0,0.0,292,42.00378712023759,98.7952079035623,0.5835170974192722,99.84653517861031
DP01,2026-02-08,42.02172265625,98.75848828125,0.584479296875,99.84375,0.05859375,0.0234375,0.00390625,0.0,256,42.00687345976332,98.7887497522406,0.5840221787444769,99.84712721650074
DP01,2026-02-09,41.987039711191336,98.79150541516245,0.579854512635379,99.82671480144404,0.08664259927797834,0.018050541516245487,0.0,0.0,277,42.00302479105397,98.78893175832825,0.5838318150033126,99.84015930298153
DP01,2026-02-10,41.973623188405796,98.78904347826088,0.5816293478260869,99.84329710144928,0.06521739130434782,0.021739130434782608,0.0036231884057971015,0.0036231884057971015,276,42.0001886984789,98.78956462909413,0.5832749347936563,99.84711465098464
DP01,2026-02-11,41.98120979020979,98.8041013986014,0.5820038461538461,99.81555944055944,0.08041958041958042,0.027972027972027972,0.0,0.0,286,41.99620196343975,98.79302496714318,0.5825657492211643,99.84395148350696
DP01,2026-02-12,42.01709318996416,98.7884623655914,0.5800179211469534,99.80913978494624,0.08243727598566308,0.03225806451612903,0.0,0.0,279,41.99779216121241,98.79077058286258,0.5817028331945387,99.83615498453102
DP01,2026-02-13,42.007325423728815,98.79495593220338,0.5845430508474576,99.90677966101696,0.04745762711864407,0.01694915254237288,0.0,0.0,295,42.00233418603081,98.79081438666942,0.5820270884743343,99.84354711864455
DP01,2026-02-14,41.98063028169014,98.79507394366198,0.5833007042253521,99.91725352112677,0.0528169014084507,0.007042253521126761,0.0,0.0,284,41.99552060592,98.78880440210449,0.5822612399585821,99.85178490150611
DP01,2026-02-15,41.98534444444444,98.8197,0.5824733333333333,99.87407407407407,0.06296296296296296,0.014814814814814815,0.0,0.0,270,41.990323718519214,98.7975489333545,0.581974673738344,99.85611691208813
DP01,2026-02-16,41.99467883211678,98.79831751824818,0.5817321167883212,99.88229927007299,0.058394160583941604,0.014598540145985401,0.0,0.0,274,41.99141502150856,98.79852209093816,0.58224290290305,99.86405755046368
DP01,2026-02-17,41.98321245421245,98.8047216117216,0.5824380952380952,99.77930402930403,0.08424908424908426,0.047619047619047616,0.0,0.0,273,41.9927849166238,98.8007618242897,0.5823584382476227,99.85491568301437
DP01,2026-02-18,42.02450566037736,98.80358490566039,0.5816815094339622,99.9066037735849,0.06792452830188679,0.0,0.0,0.0,265,41.99897004093345,98.80068803958385,0.5823123901447822,99.86792201630371
DP01,2026-02-19,42.0057304964539,98.7983475177305,0.5816219858156029,99.76063829787235,0.07446808510638298,0.04609929078014184,0.0,0.0,282,41.99734679900342,98.80210020417516,0.5825415422403035,99.86099323243602
DP01,2026-02-20,41.99949429657795,98.8276349809886,0.5846049429657795,99.7861216730038,0.08745247148288973,0.030418250950570342,0.0,0.0,263,41.996228066553286,98.8067686397159,0.5825503839714923,99.84375637700555
DP01,2026-02-21,41.99451578947368,98.77358245614036,0.5810842105263159,99.86754385964912,0.08421052631578947,0.007017543859649123,0.0,0.0,285,41.99821171052236,98.80369842721281,0.5822337420144871,99.83665499679445
DP01,2026-02-22,42.02679861111111,98.7905138888889,0.581909375,99.83854166666667,0.07291666666666667,0.03125,0.0,0.0,288,42.004133734331894,98.79952898276836,0.5821531765382967,99.83157893859341
DP01,2026-02-23,42.022392405063286,98.79503164556962,0.5834506329113923,99.81566455696202,0.08860759493670886,0.022151898734177215,0.0,0.0,316,42.00809281618139,98.7990595723857,0.5823986788415926,99.82205969386327
DP01,2026-02-24,42.00116730038023,98.80788212927757,0.5816631178707224,99.83269961977186,0.07604562737642585,0.015209125475285171,0.0,0.0,263,42.010657794205365,98.79951107489369,0.5822879677891107,99.82968763535867
DP01,2026-02-25,42.02636544850498,98.79886378737541,0.5824478405315615,99.86960132890366,0.04983388704318937,0.026578073089700997,0.0,0.0,301,42.010923478223596,98.79883662942441,0.5823974436601963,99.8244015718328
DP01,2026-02-26,42.01528712871287,98.822,0.5833594059405941,99.81518151815182,0.0924092409240924,0.019801980198019802,0.0,0.0,303,42.01228871140345,98.80221555546292,0.5826456465351951,99.83219346044415
DP01,2026-02-27,42.00672661870504,98.80797122302158,0.5818773381294964,99.86780575539568,0.06474820143884892,0.02158273381294964,0.0,0.0,278,42.01332190027875,98.79940644718192,0.5822559887014404,99.84386261507156
DP01,2026-02-28,41.996235059760956,98.7892390438247,0.5848533864541833,99.80677290836654,0.09163346613545817,0.02390438247011952,0.0,0.0,251,42.01356751031978,98.8016431025654,0.5827944424054214,99.8351810506026
DP01,2026-03-01,41.97255400696864,98.78052264808362,0.5837296167247387,99.80052264808363,0.09407665505226481,0.027874564459930314,0.0,0.0,287,42.00581828115657,98.80021578245035,0.5830544769375269,99.8297497622336
DP01,2026-03-02,42.0036287625418,98.80397324414716,0.5830076923076923,99.81020066889631,0.07357859531772576,0.023411371237458192,0.0,0.0,299,42.003137760796356,98.80149315367574,0.5829911997084268,99.82896920679563
DP01,2026-03-03,42.021687285223365,98.80410996563573,0.5850395189003437,99.79896907216495,0.07903780068728522,0.037800687285223365,0.0,0.0,291,42.00606918720252,98.80095427315545,0.5834735427126585,99.82415055713751
DP01,2026-03-04,41.99813432835821,98.80851492537313,0.5849929104477611,99.81343283582089,0.07835820895522388,0.026119402985074626,0.0,0.0,268,42.0020361700387,98.80233300715513,0.5838371241292586,99.81612648669712
DP01,2026-03-05,42.01160377358491,98.81394339622642,0.5839207547169811,99.80943396226415,0.07547169811320754,0.03773584905660377,0.0037735849056603774,0.0,265,42.001509976448986,98.8011820637589,0.5839173168115995,99.81530540728458
DP01,2026-03-06,41.98268913857678,98.80858801498127,0.5826797752808989,99.8249063670412,0.07865168539325842,0.026217228464419477,0.0,0.0,267,41.998076050716385,98.801270176896,0.5840319506903713,99.80917692323395
DP01,2026-03-07,42.01419081272085,98.81271378091873,0.5828565371024734,99.86925795053004,0.06007067137809187,0.0176678445229682,0.0035335689045936395,0.0,283,42.00064115828208,98.80462371076659,0.5837466864972699,99.81810335782873
DP01,2026-03-08,42.018535433070866,98.80798031496063,0.5841125984251968,99.85137795275591,0.08267716535433071,0.011811023622047244,0.0,0.0,254,42.00720993343954,98.80854623460615,0.5838013981687639,99.82536840135334
DP01,2026-03-09,41.97653505535055,98.79310701107012,0.5803424354243542,99.84778597785977,0.06642066420664207,0.01845018450184502,0.0,0.0,271,42.00333940384079,98.80699391559514,0.5834206471854299,99.83073773120528
DP01,2026-03-10,41.96393155893536,98.83579847908744,0.5773996197718632,99.85646387832699,0.053231939163498096,0.019011406844106463,0.0,0.0,263,41.99508858579964,98.81152084608824,0.5823292330242184,99.8389512749427
DP01,2026-03-11,41.98739705882353,98.80922426470589,0.5800533088235293,99.87132352941177,0.0625,0.014705882352941176,0.0,0.0,272,41.99355469015183,98.81162218027863,0.5816235756493281,99.84722137402711
DP01,2026-03-12,42.02957370517929,98.79441434262948,0.5811302788844621,99.88247011952191,0.05179282868525897,0.01593625498007968,0.0,0.0,251,41.99612182323675,98.80883231547908,0.5812249362446825,99.85765511077823
DP01,2026-03-13,42.003122605363984,98.81209961685823,0.5814103448275861,99.86111111111111,0.05747126436781609,0.01532567049808429,0.0,0.0,261,41.999040889920636,98.80933397289007,0.5810435890370664,99.86282721707393
DP01,2026-03-14,41.99825287356322,98.8192643678161,0.5849858237547892,99.83333333333333,0.06896551724137931,0.019157088122605363,0.0,0.0,261,41.99676404146954,98.81026977101827,0.5813477728445402,99.85769512890298
DP01,2026-03-15,42.030596899224804,98.79957364341085,0.580862015503876,99.85271317829458,0.08139534883720931,0.011627906976744186,0.0,0.0,258,41.99848710806297,98.80906881793973,0.58088340385578,99.85788587540848
DP01,2026-03-16,41.99048207171315,98.79029482071714,0.5800243027888445,99.84262948207171,0.07171314741035857,0.02390438247011952,0.0,0.0,251,42.0004795389719,98.80866707646075,0.5808379563364214,99.85714923315307
DP01,2026-03-17,41.96449621212121,98.79999242424242,0.5832969696969696,99.89204545454545,0.06060606060606061,0.015151515151515152,0.0,0.0,264,42.00056020371274,98.80355192576859,0.5816804348971509,99.86223231546998
DP01,2026-03-18,42.02772426470588,98.7814411764706,0.5811716911764706,99.82996323529412,0.06985294117647059,0.029411764705882353,0.0,0.0,272,42.0063212331245,98.79958291316355,0.581840203804714,99.85632370202461
DP01,2026-03-19,42.00122529644268,98.79296442687746,0.5845316205533597,99.88241106719367,0.06324110671936758,0.015810276679841896,0.0,0.0,253,42.002271460447844,98.79937578234184,0.5823261097574137,99.85631526597771
DP01,2026-03-20,42.0008115942029,98.79127173913044,0.5833797101449275,99.83695652173913,0.06884057971014493,0.025362318840579712,0.0036231884057971015,0.0,276,42.00194131599626,98.79640037123785,0.582607447659891,99.85286461035314
DP01,2026-03-21,42.01143416370107,98.77554448398577,0.5830316725978647,99.84964412811388,0.06761565836298933,0.017793594306049824,0.0,0.0,281,42.003824357444536,98.7901546735478,0.5823282832089018,99.8551947238932
DP01,2026-03-22,41.988597173144875,98.79008833922262,0.5828936395759717,99.82243816254417,0.06713780918727916,0.0176678445229682,0.0,0.0,283,41.99782439657597,98.78879963009236,0.5826185152192013,99.85086972164318
DP01,2026-03-23,41.97793055555556,98.79999652777778,0.5851375,99.89670138888889,0.06944444444444445,0.013888888888888888,0.0,0.0,288,41.996031322839166,98.79018558824387,0.583348971963652,99.8585942797599
DP01,2026-03-24,42.019176470588235,98.78408088235294,0.5813698529411765,99.859375,0.04779411764705882,0.022058823529411766,0.0,0.0,272,42.00384278833446,98.78791251083108,0.5830736695699672,99.85392707196768
DP01,2026-03-25,41.98901162790698,98.81641860465116,0.5851651162790698,99.79748062015504,0.06976744186046512,0.027131782945736434,0.0,0.0,258,41.998312411648904,98.79290928628544,0.5836441588703386,99.84928669837639
DP01,2026-03-26,42.00797077922078,98.8074512987013,0.5838704545454545,99.83441558441558,0.08441558441558442,0.012987012987012988,0.0,0.0,308,41.99927605204577,98.79497883940316,0.583549706583495,99.84243020083667
DP01,2026-03-27,41.998237588652486,98.81643262411347,0.5822475177304965,99.83333333333333,0.07446808510638298,0.024822695035460994,0.0,0.0,282,41.99890833696714,98.79857325154357,0.5833879648100048,99.84191260249297
DP01,2026-03-28,41.974333333333334,98.82524542124543,0.5834622710622711,99.86263736263736,0.07326007326007326,0.02197802197802198,0.0,0.0,273,41.99360821834318,98.80567338543781,0.5834494788763486,99.84376877885349
DP01,2026-03-29,41.99382229965157,98.7877456445993,0.5808752613240418,99.89459930313589,0.04878048780487805,0.017421602787456445,0.0,0.0,287,41.99435466498699,98.80533871477735,0.5831611391260729,99.85407751322373
DP01,2026-03-30,41.965619528619534,98.7906531986532,0.5863292929292929,99.78114478114477,0.11784511784511785,0.026936026936026935,0.0,0.0,297,41.99259594685327,98.80400395347384,0.5833313952588289,99.83756942640312
DP02,2026-01-01,41.997707407407404,98.79224444444444,0.5834674074074074,99.8638888888889,0.07037037037037037,0.011111111111111112,0.0,0.0,270,,,,
DP02,2026-01-02,41.968231316725976,98.81020284697509,0.585688256227758,99.84430604982207,0.08540925266903915,0.017793594306049824,0.0,0.0,281,,,,
DP02,2026-01-03,42.00751526717557,98.79109923664122,0.5844167938931297,99.85591603053435,0.06870229007633588,0.019083969465648856,0.0,0.0,262,41.99115133043632,98.7978488426869,0.5845241525094317,99.8547036564151
DP02,2026-01-04,42.012213333333335,98.81054,0.584602,99.88333333333334,0.06333333333333334,0.01,0.0,0.0,300,41.99641683116057,98.80102163201519,0.5845436143820738,99.86186107564467
DP02,2026-01-05,41.97693046357616,98.77971854304636,0.5842870860927153,99.82533112582782,0.076158940397351,0.023178807947019868,0.0,0.0,302,41.99251955764369,98.79676101422142,0.5844923087242021,99.8545550856813
DP02,2026-01-06,42.001507299270074,98.82714233576642,0.5823704379562044,99.8786496350365,0.08029197080291971,0.0036496350364963502,0.0,0.0,274,41.99401751458142,98.80182456781226,0.5841386635962025,99.85857084390716
DP02,2026-01-07,42.01846570397112,98.80041155234657,0.5793057761732853,99.88267148014441,0.05415162454873646,0.01444043321299639,0.0,0.0,277,41.997510113065665,98.80162270846002,0.5834482511072142,99.86201379194105
DP02,2026-01-08,41.98194092827004,98.80722784810126,0.582306329113924,99.82172995780591,0.06751054852320675,0.029535864978902954,0.0,0.0,237,41.99525775890318,98.8037631946967,0.5832823827795738,99.85599108750061
DP02,2026-01-09,41.99100655737705,98.7773344262295,0.5848590163934426,99.85245901639344,0.06885245901639345,0.019672131147540985,0.003278688524590164,0.0,305,41.998511364710474,98.79906770601876,0.5831639199461002,99.85715579701083
DP02,2026-01-10,42.01230181818182,98.81989090909092,0.5840643636363637,99.89727272727272,0.05090909090909091,0.014545454545454545,0.0,0.0,275,41.99919515771137,98.803180802083,0.5831135727665622,99.86306389654487
DP02,2026-01-11,41.97835344827586,98.82006896551725,0.5845012931034482,99.88577586206897,0.05172413793103448,0.017241379310344827,0.0,0.0,232,41.99435803127459,98.80454208287118,0.5830991860670548,99.86341282922139
DP02,2026-01-12,42.014843866171006,98.7884312267658,0.584631598513011,99.87918215613382,0.05947955390334572,0.022304832713754646,0.0,0.0,269,41.99977423164528,98.80578675197397,0.5831484021270971,99.87110583355083
DP02,2026-01-13,42.000011904761905,98.8011865079365,0.5827472222222223,99.89087301587301,0.06746031746031746,0.003968253968253968,0.0,0.0,252,41.9995606038584,98.80207877656969,0.5832022284508138,99.87285203081319
DP02,2026-01-14,41.978227424749164,98.80609030100335,0.5831819397993311,99.81187290969899,0.06688963210702341,0.030100334448160536,0.0033444816053511705,0.0,299,41.99381227825527,98.8028900263778,0.5837559661116776,99.86273794932097
DP02,2026-01-15,42.02284351145038,98.78339312977099,0.5812629770992366,99.82538167938931,0.08396946564885496,0.026717557251908396,0.0,0.0,262,41.99965550442388,98.79948506661633,0.5836069158238651,99.86325962383289
DP02,2026-01-16,42.00808560311284,98.8111673151751,0.5789747081712062,99.89494163424125,0.05058365758754864,0.01556420233463035,0.0,0.0,257,42.00209536810042,98.8043183364657,0.5827663003635456,99.86932856923973
DP02,2026-01-17,42.018625874125874,98.79351748251749,0.5854482517482518,99.8382867132867,0.0979020979020979,0.01048951048951049,0.0,0.0,286,42.00299880466387,98.80055070409806,0.582963998665244,99.86090199581315
DP02,2026-01-18,41.98839,98.80001666666666,0.585005,99.80166666666666,0.10666666666666667,0.02,0.0,0.0,300,42.00443259776731,98.79768608997655,0.5830359567933227,99.84888639646996
DP02,2026-01-19,42.0114668989547,98.7923519163763,0.5832487804878049,99.88240418118467,0.07665505226480836,0.006968641114982578,0.0,0.0,287,42.00395017387927,98.79824618849234,0.5828384113611503,99.84934668576294
DP02,2026-01-20,42.005146179402,98.7810465116279,0.5842196013289036,99.89867109634551,0.05647840531561462,0.013289036544850499,0.0,0.0,301,42.00468364168499,98.79536904616255,0.5830487512335335,99.85046069725901
DP02,2026-01-21,42.015206666666664,98.78944333333332,0.5867563333333333,99.865,0.07333333333333333,0.013333333333333334,0.0,0.0,300,42.00996639053035,98.79299090792396,0.5835593788812481,99.85805028158772
DP02,2026-01-22,42.00432558139535,98.83208914728682,0.5829081395348837,99.81007751937985,0.09689922480620156,0.01937984496124031,0.0,0.0,258,42.00732097195106,98.7999474818548,0.5837944020863405,99.85586397301495
DP02,2026-01-23,42.00479446640316,98.80788537549407,0.5863924901185771,99.90118577075098,0.05533596837944664,0.003952569169960474,0.0,0.0,253,42.006850809563964,98.79947863332895,0.5848540852216793,99.85675599251634
DP02,2026-01-24,42.02666788321168,98.80917883211679,0.5881631386861313,99.86131386861314,0.08029197080291971,0.010948905109489052,0.0,0.0,274,42.00799966800479,98.80171596898599,0.5852419262128049,99.8600455861344
DP02,2026-01-25,41.98517164179104,98.82483955223881,0.58185,99.875,0.05223880597014925,0.018656716417910446,0.0,0.0,268,42.00753990254638,98.8052620954963,0.5847912119270907,99.8705217766106
DP02,2026-01-26,42.00623791821561,98.80518215613384,0.581957249070632,99.88011152416357,0.040892193308550186,0.01858736059479554,0.0,0.0,269,42.00679290529793,98.80709498689022,0.5846067074389231,99.870194254179
DP02,2026-01-27,42.027528985507246,98.78873188405797,0.5836170289855073,99.78442028985508,0.07608695652173914,0.03260869565217391,0.0,0.0,276,42.00999044902725,98.80819289723738,0.5845206256755807,99.85387271039465
DP02,2026-01-28,41.98090188679245,98.78426037735849,0.586733962264151,99.84716981132075,0.0830188679245283,0.011320754716981131,0.0,0.0,265,42.00508976618807,98.80745247495527,0.5845174298085547,99.85132554058332
DP02,2026-01-29,42.01253873239437,98.8087042253521,0.5848943661971832,99.84066901408451,0.06690140845070422,0.03169014084507042,0.0,0.0,284,42.00626307347365,98.80411177182171,0.5848011764745974,99.85569575411259
DP02,2026-01-30,42.034020408163265,98.81768707482993,0.5834020408163265,99.8843537414966,0.05782312925170068,0.017006802721088437,0.0,0.0,294,42.01043820801082,98.80551201458398,0.5843739694314188,99.8532911785048
DP02,2026-01-31,42.02369852941177,98.78510294117646,0.5861371323529412,99.82904411764706,0.07720588235294118,0.029411764705882353,0.0,0.0,272,42.01001401461082,98.80207260159251,0.5840845399552487,99.84868121408108
DP02,2026-02-01,42.01241843971631,98.81104255319148,0.5833787234042553,99.86968085106383,0.0673758865248227,0.014184397163120567,0.0,0.0,282,42.013906414314434,98.8001016017286,0.5843029290129994,99.84792133566164
DP02,2026-02-02,41.99709285714285,98.82052142857142,0.5868517857142858,99.79910714285714,0.1,0.025,0.0,0.0,280,42.012599977018326,98.80229292636254,0.5850021485335215,99.83634928118929
DP02,2026-02-03,42.021367132867134,98.80317132867133,0.583195104895105,99.86713286713287,0.06293706293706294,0.02097902097902098,0.0,0.0,286,42.01171971235545,98.80435570416446,0.584941873663464,99.84816536365754
DP02,2026-02-04,42.00533449477352,98.8000243902439,0.5839672473867596,99.83275261324042,0.07665505226480836,0.024390243902439025,0.0,0.0,287,42.01521008492417,98.80660770600522,0.5845466286809795,99.84610576393177
DP02,2026-02-05,41.99775958188153,98.8080243902439,0.5879885017421603,99.82839721254355,0.10452961672473868,0.006968641114982578,0.0,0.0,287,42.01309877770806,98.80651058670408,0.5849886480445478,99.84435264942591
DP02,2026-02-06,42.042973913043475,98.79058260869564,0.5857921739130435,99.78695652173913,0.06956521739130435,0.0391304347826087,0.0,0.0,230,42.0143778498338,98.80263852011343,0.585330095629793,99.83043876088915
DP02,2026-02-07,42.03607575757576,98.79533333333333,0.5847060606060607,99.8465909090909,0.07575757575757576,0.026515151515151516,0.0,0.0,264,42.0161460252858,98.80410000470728,0.58512565680881,99.83294544538113
DP02,2026-02-08,42.01478417266187,98.80603956834533,0.5909967625899281,99.8273381294964,0.08273381294964029,0.025179856115107913,0.0,0.0,278,42.01648398713517,98.80338529258641,0.586213948121049,99.8268964851572
DP02,2026-02-09,42.01566549295775,98.81057394366198,0.5846552816901409,99.85123239436619,0.06690140845070422,0.02112676056338028,0.0,0.0,284,42.019137220823005,98.80196422331365,0.5859001618318854,99.8343429496585
DP02,2026-02-10,42.02996078431372,98.77061176470589,0.5854133333333332,99.8529411764706,0.0784313725490196,0.011764705882352941,0.0,0.0,255,42.020364885315374,98.79731285703285,0.5862170516087752,99.83231556527815
DP02,2026-02-11,42.02771024734982,98.79956890459363,0.5907922261484099,99.84098939929329,0.0812720848056537,0.014134275618374558,0.0,0.0,283,42.0235614213977,98.79724778765424,0.5871920485747253,99.833492249
DP02,2026-02-12,41.9916992481203,98.80081203007519,0.5894642857142857,99.78571428571429,0.09022556390977443,0.02631578947368421,0.0,0.0,266,42.02269565943181,98.79621745048728,0.5874028748564575,99.8273946880244
DP02,2026-02-13,42.03061565836298,98.80900711743772,0.5892679715302491,99.88790035587189,0.07473309608540925,0.0071174377224199285,0.0,0.0,281,42.02093019447746,98.79884952316472,0.5878994173732011,99.84181523575765
DP02,2026-02-14,42.03188275862069,98.79928620689655,0.5885086206896551,99.86896551724138,0.07586206896551724,0.017241379310344827,0.0,0.0,290,42.020331194626735,98.79941421938804,0.5884426402422861,99.84501160835057
DP02,2026-02-15,42.07003741496599,98.7896224489796,0.5858527210884353,99.78996598639456,0.09183673469387756,0.023809523809523808,0.0,0.0,294,42.02822451495589,98.7970689166215,0.5877077771706442,99.8396727307646
DP02,2026-02-16,41.98782089552239,98.80495149253731,0.5899011194029851,99.77611940298507,0.08955223880597014,0.033582089552238806,0.0037313432835820895,0.0,268,42.02424671532227,98.79626570931798,0.5884571825581933,99.82894230342444
DP02,2026-02-17,42.00076644736842,98.77955263157895,0.5888766447368421,99.83223684210526,0.09539473684210527,0.01644736842105263,0.0,0.0,304,42.020076095758654,98.79754297601413,0.5889519413301232,99.82598454137224
DP02,2026-02-18,42.02936458333333,98.8193263888889,0.5889458333333333,99.82725694444444,0.06944444444444445,0.027777777777777776,0.0,0.0,288,42.020312429470586,98.80036547377061,0.5886881709279693,99.82402276210813
DP02,2026-02-19,42.02212408759124,98.82193795620438,0.5864627737226277,99.7837591240876,0.08759124087591241,0.032846715328467155,0.0,0.0,274,42.02465883510929,98.80338346321763,0.5882593835005897,99.82374345330432
DP02,2026-02-20,41.99888129496403,98.79736330935252,0.5874586330935252,99.84802158273381,0.08992805755395683,0.02158273381294964,0.0,0.0,278,42.02012535462372,98.8017200620626,0.5880009065810576,99.81804648571315
DP02,2026-02-21,42.02405084745762,98.79070847457626,0.5872549152542372,99.82796610169491,0.0711864406779661,0.02711864406779661,0.0,0.0,295,42.019006510171856,98.80049467173113,0.5878218058045694,99.81218942634938
DP02,2026-02-22,41.99625752508361,98.7883678929766,0.5884210702341137,99.80602006688963,0.10702341137123746,0.020066889632107024,0.0033444816053511705,0.0,299,42.00846652590295,98.800315449445,0.5881887128253807,99.8144828664201
DP02,2026-02-23,42.01306360424028,98.8217632508834,0.5868395759717315,99.82155477031802,0.07773851590106007,0.024734982332155476,0.0,0.0,283,42.01207262714836,98.80271712920872,0.5877513494780586,99.82097363318196
DP02,2026-02-24,42.039225,98.80634285714287,0.5884550000000001,99.77767857142857,0.10357142857142858,0.02857142857142857,0.0,0.0,280,42.017566706095735,98.80654430428929,0.5876911145156527,99.81317959451385
DP02,2026-02-25,42.00191254752852,98.82847908745246,0.5862463878326996,99.84980988593156,0.09505703422053231,0.011406844106463879,0.0,0.0,263,42.01364498669505,98.80785183265549,0.5873054794441336,99.81640144329774
DP02,2026-02-26,42.01082274247492,98.78179598662207,0.5884826086956522,99.81270903010034,0.08695652173913043,0.023411371237458192,0.0,0.0,299,42.01203050882128,98.8021172655723,0.5875940272974228,99.82053714415669
DP02,2026-02-27,42.035753623188405,98.80732608695652,0.5846717391304347,99.8731884057971,0.057971014492753624,0.014492753623188406,0.0036231884057971015,0.0,276,42.01729798428191,98.80354051951575,0.5871958995884098,99.8241324045943
DP02,2026-02-28,42.01912937062937,98.80779370629371,0.5890895104895105,99.8618881118881,0.0979020979020979,0.01048951048951049,0.0,0.0,286,42.016594916163584,98.80598126690396,0.5874579846220203,99.82897840605048
DP02,2026-03-01,41.99350161812298,98.81736245954693,0.5880203883495145,99.80663430420712,0.10679611650485436,0.012944983818770227,0.0,0.003236245954692557,309,42.01620121516921,98.81012334784256,0.5874007443527918,99.82906615423869
DP02,2026-03-02,41.99508764940239,98.79406772908366,0.5876334661354582,99.71314741035856,0.1394422310756972,0.02390438247011952,0.0,0.0,251,42.013633221620935,98.80616684472831,0.5875141572333243,99.81357938853019
DP02,2026-03-03,42.03011578947368,98.78851929824562,0.589997894736842,99.86754385964912,0.06315789473684211,0.017543859649122806,0.0,0.0,285,42.012331905831466,98.8036206220287,0.5877345707671588,99.82641728684742
DP02,2026-03-04,42.035267399267404,98.81841391941391,0.5890395604395604,99.84798534798534,0.06593406593406594,0.02564102564102564,0.0,0.0,273,42.01709688465131,98.80218274088034,0.5881335954252818,99.82615663856939
DP02,2026-03-05,42.01121985815603,98.8047269503546,0.5917049645390071,99.81117021276596,0.10283687943262411,0.024822695035460994,0.0,0.0,282,42.0171536154629,98.80545859284214,0.5885939319743325,99.82593680752161
DP02,2026-03-06,42.04131271477664,98.78783848797251,0.5890711340206186,99.7852233676976,0.12371134020618557,0.013745704467353952,0.003436426116838488,0.0,291,42.017947771404074,98.80267465013013,0.5892224169586445,99.8133703735074
DP02,2026-03-07,42.008529411764705,98.80277205882352,0.5895481617647059,99.84742647058823,0.07352941176470588,0.022058823529411766,0.0,0.0,272,42.01643349156626,98.8019572719201,0.5892879385693867,99.81130442475026
DP02,2026-03-08,42.05251903114187,98.83675778546713,0.5901685121107266,99.8287197231834,0.0726643598615917,0.02768166089965398,0.0,0.0,289,42.02486455056896,98.80472803276585,0.589594813392417,99.81445948460403
DP02,2026-03-09,42.005877777777776,98.79327407407408,0.5871366666666668,99.88333333333334,0.07037037037037037,0.011111111111111112,0.0,0.0,270,42.026405997479735,98.80461465347878,0.5895238420397325,99.83877175931471
DP02,2026-03-10,42.05437275985663,98.7988817204301,0.5889720430107527,99.86290322580645,0.08602150537634409,0.010752688172043012,0.0,0.0,279,42.02987127896301,98.80609499950512,0.5893772917931484,99.8381088116229
DP02,2026-03-11,42.019239393939394,98.80346363636363,0.5902081818181818,99.84469696969697,0.08484848484848485,0.021212121212121213,0.0030303030303030303,0.0,330,42.02758156391615,98.80395924478364,0.5895442377043799,99.837639043296
DP02,2026-03-12,42.02429197080291,98.79791605839416,0.5913131386861314,99.79653284671532,0.0948905109489051,0.021897810218978103,0.0,0.0,274,42.029449008579995,98.80298626021786,0.5894882625825406,99.83554799100305
DP02,2026-03-13,42.0528021978022,98.81061538461537,0.5900725274725275,99.81684981684981,0.08058608058608059,0.02197802197802198,0.0,0.0,273,42.03109036329793,98.80624010259544,0.5896313187899561,99.84006605516764
DP02,2026-03-14,41.986621908127205,98.8006077738516,0.590626148409894,99.91166077738517,0.053003533568904596,0.007067137809187279,0.0035335689045936395,0.0,283,42.02796071992115,98.805930919028,0.5897853168821258,99.84924238471008
DP02,2026-03-15,42.008483974358974,98.81198076923077,0.5899657051282051,99.77884615384616,0.09615384615384616,0.022435897435897436,0.0,0.0,312,42.02166999752358,98.80239134527996,0.5897563444560513,99.84211758909045
DP02,2026-03-16,42.00570322580645,98.80800322580644,0.5912683870967742,99.86532258064516,0.08387096774193549,0.012903225806451613,0.0,0.0,310,42.021645061527686,98.80449550981315,0.5903465902317809,99.83954462442071
DP02,2026-03-17,42.00449146757679,98.79542662116042,0.5874682593856655,99.84641638225256,0.06484641638225255,0.017064846416382253,0.0,0.0,293,42.01451916263056,98.8040019242032,0.5901317639996256,99.83718936105588
DP02,2026-03-18,41.99394076655052,98.80617770034843,0.5899324041811846,99.7883275261324,0.09407665505226481,0.03832752613240418,0.0,0.0,287,42.01090507300358,98.8043896476296,0.5900923671943403,99.82913658340378
DP02,2026-03-19,42.020369175627245,98.8088853046595,0.5869086021505376,99.8826164874552,0.06451612903225806,0.010752688172043012,0.0035842293906810036,0.0,279,42.01034467369277,98.80595668281036,0.5894631476892556,99.84143424636663
DP02,2026-03-20,42.01661940298507,98.79292537313434,0.590820895522388,99.8348880597015,0.09328358208955224,0.018656716417910446,0.0,0.0,268,42.00517570300461,98.80342953831307,0.5895700574106642,99.8440111382026
DP02,2026-03-21,42.00781914893617,98.80765957446808,0.5904113475177305,99.79964539007092,0.09574468085106383,0.024822695035460994,0.0,0.0,282,42.00820388026303,98.80443693840115,0.5895393715689264,99.82800894001483
DP02,2026-03-22,41.99814137931034,98.79449655172414,0.5868624137931034,99.83793103448276,0.07931034482758621,0.013793103448275862,0.0034482758620689655,0.0,290,42.00672636668465,98.80193919304305,0.5890960442353406,99.83644963724863
DP02,2026-03-23,42.012942307692306,98.7959576923077,0.5905307692307693,99.83557692307693,0.09230769230769231,0.011538461538461539,0.0,0.0,260,42.00776052123978,98.80021840254322,0.5889906702544828,99.83220025759604
DP02,2026-03-24,42.01644086021505,98.78454838709678,0.5849064516129032,99.8763440860215,0.07526881720430108,0.010752688172043012,0.0,0.0,279,42.00946757733096,98.79866436910558,0.5886246977155167,99.83647564384874
DP02,2026-03-25,42.04206106870229,98.79411068702291,0.5900145038167939,99.76240458015268,0.1297709923664122,0.026717557251908396,0.0,0.0,262,42.01634190620978,98.79694051005906,0.5886364262348894,99.83277236585164
DP02,2026-03-26,42.01903610108303,98.79893140794223,0.5921602888086642,99.83032490974729,0.09386281588447654,0.018050541516245487,0.0,0.0,277,42.01615146698918,98.79551852481373,0.5893866671860504,99.8253021404648
DP02,2026-03-27,41.99945660377358,98.79064150943397,0.5897237735849057,99.85660377358491,0.06037735849056604,0.018867924528301886,0.0,0.0,265,42.0136996385304,98.79519225857082,0.5892299354806958,99.82840438530528
DP02,2026-03-28,42.033179930795846,98.78989965397923,0.5919301038062283,99.83823529411765,0.08304498269896193,0.01730103806228374,0.0,0.0,289,42.01732260736749,98.79265512707242,0.5894469006647668,99.83391722874053
DP02,2026-03-29,42.046863157894734,98.79932631578947,0.5862684210526315,99.80701754385964,0.07368421052631578,0.03508771929824561,0.0,0.0,285,42.02428286145097,98.79334509336748,0.5893620445589851,99.82950101579436
DP02,2026-03-30,42.021483443708604,98.80390066225165,0.5909,99.76490066225166,0.09271523178807947,0.033112582781456956,0.0,0.0,302,42.02550302373902,98.79447980335947,0.5894147918117324,99.81940440710504
DP03,2026-01-01,42.00996108949416,98.82163813229572,0.5825015564202335,99.87062256809338,0.054474708171206226,0.023346303501945526,0.0,0.0,257,,,,
DP03,2026-01-02,42.02087285223368,98.8077113402062,0.5816030927835052,99.85309278350516,0.07903780068728522,0.013745704467353952,0.0,0.0,291,,,,
DP03,2026-01-03,41.97890494296578,98.76034600760457,0.5777384030418251,99.78041825095058,0.08745247148288973,0.030418250950570342,0.0,0.0,263,42.00324629489787,98.79656516003548,0.5806143507485212,99.83471120084971
DP03,2026-01-04,42.00836643835616,98.83404452054795,0.5831530821917809,99.88869863013699,0.04794520547945205,0.02054794520547945,0.0,0.0,292,42.004526330762445,98.8059350001636,0.5812490336093361,99.84820805817152
DP03,2026-01-05,41.9840297029703,98.79768646864687,0.5839214521452145,99.8993399339934,0.0429042904290429,0.013201320132013201,0.0,0.0,303,42.00042700520402,98.80428529386026,0.5817835173165118,99.8584344333359
DP03,2026-01-06,41.99559602649007,98.80253642384106,0.5854135761589404,99.86920529801324,0.0695364238410596,0.016556291390728478,0.0,0.0,302,41.99962184208503,98.80399381552373,0.5823885271235832,99.8602295774488
DP03,2026-01-07,42.00066077738516,98.77996466431095,0.5811971731448764,99.88250883392226,0.0636042402826855,0.01060070671378092,0.0,0.0,283,41.999770261413616,98.80056107963618,0.5822183336980536,99.86341232837357
DP03,2026-01-08,41.94562116040955,98.81290102389079,0.5788873720136519,99.81569965870307,0.06484641638225255,0.034129692832764506,0.0,0.0,293,41.99057884297296,98.79931292129264,0.5817020216399706,99.85556619846066
DP03,2026-01-09,41.99193687707641,98.79209634551495,0.5843544850498339,99.83637873754152,0.08305647840531562,0.016611295681063124,0.0,0.0,301,41.986445132236206,98.79708220776531,0.5820950776780176,99.85317847760872
DP03,2026-01-10,41.98465836298932,98.81159074733097,0.5809459074733097,99.87722419928825,0.046263345195729534,0.017793594306049824,0.0,0.0,281,41.987267049382424,98.80440288486908,0.5825532925968011,99.86700789879981
DP03,2026-01-11,42.009,98.7985612244898,0.5834085034013605,99.85884353741497,0.06462585034013606,0.017006802721088437,0.0,0.0,294,41.98735755818869,98.79933384257505,0.5825897813410268,99.8627428855538
DP03,2026-01-12,42.00834275618375,98.79715901060071,0.582473851590106,99.89929328621908,0.038869257950530034,0.0176678445229682,0.0,0.0,283,41.99083085150489,98.79925849142559,0.5823829812617255,99.86273622158605
DP03,2026-01-13,41.970018181818176,98.83251272727273,0.5844225454545454,99.85636363636364,0.07272727272727272,0.01818181818181818,0.0,0.0,275,41.98717687369463,98.80354082048727,0.5822414054468119,99.86090169849327
DP03,2026-01-14,41.98545275590551,98.82390551181102,0.5813417322834645,99.8759842519685,0.05511811023622047,0.01968503937007874,0.0,0.0,254,41.985004299197534,98.80981808441585,0.5822620567523246,99.859969615357
DP03,2026-01-15,42.01410424710425,98.79648262548262,0.5802999999999999,99.89189189189189,0.05405405405405406,0.011583011583011582,0.0,0.0,259,41.99478759729677,98.80747259892897,0.5824638607503744,99.87085422009827
DP03,2026-01-16,41.9734429065744,98.79932525951557,0.584640830449827,99.88667820069205,0.06228373702422145,0.006920415224913495,0.0,0.0,289,41.99214560151078,98.80850530092906,0.5825047672360875,99.87803985769119
DP03,2026-01-17,42.0018409893993,98.81698939929328,0.5853632508833922,99.82685512367492,0.07420494699646643,0.028268551236749116,0.0,0.0,283,41.99460026242649,98.80927653692368,0.5831358162946707,99.87084427546073
DP03,2026-01-18,41.99513358778626,98.8080572519084,0.5825599236641221,99.91507633587786,0.05343511450381679,0.011450381679389313,0.0,0.0,262,41.99261934639595,98.8106331122692,0.5830145906179224,99.878877532384
DP03,2026-01-19,41.99276450511945,98.79682252559728,0.5821126279863481,99.85921501706484,0.051194539249146756,0.023890784982935155,0.0,0.0,293,41.99039388195819,98.81058504298299,0.5829629872459571,99.87315206536196
DP03,2026-01-20,42.02027075812274,98.7643501805054,0.5853458483754513,99.85379061371842,0.061371841155234655,0.032490974729241874,0.0,0.0,277,41.99757282143027,98.80084753630193,0.5830948876632293,99.87278449069835
DP03,2026-01-21,42.004774193548386,98.80421505376344,0.5820240143369176,99.84587813620071,0.07526881720430108,0.014336917562724014,0.0,0.0,279,42.00033302680783,98.79803461372371,0.5831923565280084,99.86848361701725
DP03,2026-01-22,41.98759205776173,98.78074007220216,0.5829787003610107,99.8528880866426,0.07581227436823104,0.018050541516245487,0.0,0.0,277,41.99654557118747,98.79578567754079,0.5835750280081528,99.86291164483876
DP03,2026-01-23,42.0218935483871,98.79376774193548,0.5850912903225807,99.83145161290322,0.07741935483870968,0.025806451612903226,0.0032258064516129032,0.0,310,42.00346709144643,98.79499174645791,0.5836393794185462,99.85502213229749
DP03,2026-01-24,41.97576518218623,98.7754129554656,0.582880971659919,99.78744939271255,0.10526315789473684,0.032388663967611336,0.0,0.0,247,41.999741976130274,98.78905225448253,0.5832847681009071,99.84939274216002
DP03,2026-01-25,41.99286411149826,98.81728222996516,0.5835278745644599,99.90853658536585,0.041811846689895474,0.017421602787456445,0.0,0.0,287,41.99941776523199,98.79037010849063,0.5834230468009552,99.84845849208689
DP03,2026-01-26,41.9917709090909,98.78792363636364,0.5829716363636364,99.8409090909091,0.06909090909090909,0.02181818181818182,0.0,0.0,275,41.999275822942195,98.78909883860013,0.583545762283425,99.84584335977891
DP03,2026-01-27,41.986198501872664,98.78619850187266,0.5833689138576779,99.84176029962546,0.08614232209737828,0.00749063670411985,0.0,0.0,267,41.99440835776361,98.79222002736688,0.5832633430666003,99.84412474347992
DP03,2026-01-28,42.014009433962265,98.82012264150943,0.5830037735849056,99.8246855345912,0.0880503144654088,0.018867924528301886,0.0,0.0,318,41.995727677822735,98.79449253990204,0.5834033086734557,99.84109722896427
DP03,2026-01-29,42.00718604651163,98.80335880398671,0.5833601328903655,99.8529900332226,0.09634551495016612,0.006644518272425249,0.0033222591362126247,0.0,301,41.99852681907272,98.7977237872998,0.5834577990347921,99.84111179276142
DP03,2026-01-30,42.004275862068965,98.81941762452107,0.5807260536398468,99.80938697318008,0.08812260536398467,0.022988505747126436,0.0,0.0,261,41.996010006741564,98.80138805624061,0.5828341937944016,99.83795970137241
DP03,2026-01-31,42.026835664335664,98.82258391608391,0.5805122377622377,99.7867132867133,0.09090909090909091,0.03496503496503497,0.0,0.0,286,42.00330578990577,98.80812676490038,0.58249580323759,99.83785454337252
DP03,2026-02-01,42.00518215613383,98.77101858736059,0.5857457249070631,99.82899628252788,0.07806691449814127,0.01858736059479554,0.0037174721189591076,0.0,269,42.00506551056799,98.80151767309972,0.582812639000819,99.82649164296708
DP03,2026-02-02,41.980569672131146,98.80930737704918,0.5811204918032786,99.86475409836065,0.06557377049180328,0.020491803278688523,0.0,0.0,244,42.003465333859445,98.80457249319765,0.5825481897779108,99.82989807260303
DP03,2026-02-03,42.0091726618705,98.79694964028776,0.5824453237410072,99.85971223021583,0.08273381294964029,0.007194244604316547,0.0,0.0,278,42.00674735671629,98.80610837011409,0.582416248332672,99.83246263411593
DP03,2026-02-04,42.019722433460075,98.7981330798479,0.5819220532319391,99.82794676806084,0.06844106463878327,0.022813688212927757,0.0,0.0,263,42.00756349950169,98.80296700416245,0.5822617168536769,99.83292852461159
DP03,2026-02-05,42.020947916666664,98.77908680555555,0.5806940972222222,99.90538194444444,0.0625,0.006944444444444444,0.0,0.0,288,42.0095294809524,98.79949957581515,0.5818808546153706,99.84041308335757
DP03,2026-02-06,41.982451612903226,98.76854121863799,0.58164229390681,99.86559139784946,0.05734767025089606,0.017921146953405017,0.0,0.0,279,42.00641173107158,98.79223151783184,0.5820117460820798,99.84844228688176
DP03,2026-02-07,42.00902621722847,98.8253595505618,0.586276404494382,99.87265917602996,0.0599250936329588,0.0149812734082397,0.0,0.0,267,42.00386752434199,98.79262803704296,0.5828351984723861,99.86072027106987
DP03,2026-02-08,42.02210545454545,98.82965818181817,0.5817730909090909,99.88090909090909,0.05454545454545454,0.02181818181818182,0.0,0.0,275,42.00628513840079,98.80100512196547,0.5822676793298186,99.86813638655289
DP03,2026-02-09,42.046952229299364,98.78060191082803,0.5861665605095541,99.74920382165605,0.10191082802547771,0.03503184713375796,0.0,0.0,314,42.015768360853386,98.79690434107673,0.5829885462878579,99.85162920416653
DP03,2026-02-10,42.03342140468227,98.81734113712373,0.5867872909698997,99.86204013377926,0.07692307692307693,0.020066889632107024,0.0,0.0,299,42.01923246696936,98.79981741205332,0.5836088273205569,99.85196176181843
DP03,2026-02-11,42.05771886120996,98.78414234875446,0.5866131672597865,99.8950177935943,0.05693950177935943,0.0071174377224199285,0.0,0.0,281,42.02466052807649,98.7978187361828,0.5842789864673923,99.86154333689464
DP03,2026-02-12,42.06414385964913,98.80206666666666,0.5867336842105263,99.83245614035087,0.07719298245614035,0.021052631578947368,0.0,0.0,285,42.03083137707398,98.8011015734844,0.5851417846085785,99.8511253648813
DP03,2026-02-13,42.09359160305344,98.77375190839695,0.5875034351145039,99.8635496183206,0.08015267175572519,0.011450381679389313,0.0,0.0,262,42.04670851852401,98.8018459577357,0.5859790904953919,99.85083368209145
DP03,2026-02-14,42.086644827586206,98.78906551724138,0.5859937931034482,99.89310344827587,0.05862068965517241,0.017241379310344827,0.0,0.0,290,42.05779689143226,98.79666109583277,0.5859387174395442,99.85375429241229
DP03,2026-02-15,42.08567918088737,98.81271331058021,0.5869686006825938,99.8882252559727,0.05460750853242321,0.013651877133105802,0.0,0.0,293,42.06687885233824,98.79424039994163,0.5866809331214732,99.85479945884995
DP03,2026-02-16,42.083136200716844,98.80986738351255,0.5903283154121864,99.77508960573476,0.1003584229390681,0.02867383512544803,0.0,0.0,279,42.07204799111218,98.79842118175371,0.587275469536135,99.85849742800404
DP03,2026-02-17,42.12239261744966,98.80084899328858,0.586363422818792,99.85989932885906,0.07046979865771812,0.013422818791946308,0.0,0.0,298,42.08475816436466,98.79606516120582,0.5872149169431194,99.85819159872973
DP03,2026-02-18,42.13444816053512,98.77732775919732,0.5900715719063545,99.82859531772576,0.08361204013377926,0.016722408026755852,0.0,0.0,299,42.095719492839685,98.79509164841195,0.5877089747497722,99.84870267360566
DP03,2026-02-19,42.127450847457624,98.81042033898305,0.5945393220338984,99.82881355932203,0.10508474576271186,0.010169491525423728,0.0,0.0,295,42.104763348240894,98.79628503017145,0.5888240658673968,99.84818230488725
DP03,2026-02-20,42.128969178082194,98.78657534246575,0.5922753424657534,99.80650684931507,0.07534246575342465,0.023972602739726026,0.003424657534246575,0.0,292,42.10981728753071,98.79811694932413,0.5895057669175753,99.84003333788647
DP03,2026-02-21,42.133851973684216,98.77463815789474,0.5907815789473684,99.86513157894737,0.07894736842105263,0.013157894736842105,0.0,0.0,304,42.11656116554472,98.7960558979889,0.5901897363238495,99.83603735655382
DP03,2026-02-22,42.12547637795275,98.80994094488189,0.5919755905511811,99.8257874015748,0.09055118110236221,0.01968503937007874,0.0,0.0,254,42.1222464794112,98.79565984574627,0.5909050205907906,99.8271176630684
DP03,2026-02-23,42.15791221374046,98.79509160305344,0.5906026717557252,99.7824427480916,0.09541984732824428,0.026717557251908396,0.0,0.0,262,42.132928766986005,98.79354901996639,0.5909442143541533,99.82816811197654
DP03,2026-02-24,42.15966552901023,98.813795221843,0.5961423208191127,99.83361774744027,0.09897610921501707,0.010238907849829351,0.0,0.0,293,42.138253468637515,98.79539848118847,0.5923411997827704,99.82441360034527
DP03,2026-02-25,42.18582142857143,98.81206785714286,0.5942203571428571,99.79107142857143,0.10357142857142858,0.03214285714285714,0.0035714285714285713,0.0,280,42.145592506928416,98.80036135232352,0.5929338833879852,99.81905304475181
DP03,2026-02-26,42.188047297297295,98.77700675675675,0.5931408783783784,99.80827702702703,0.10810810810810811,0.010135135135135136,0.0,0.0,296,42.1542491426198,98.79558798343406,0.5927341057229109,99.81611925442394
DP03,2026-02-27,42.16420152091255,98.82479467680608,0.5952973384030418,99.83079847908745,0.09885931558935361,0.019011406844106463,0.0,0.0,263,42.159282334452705,98.80104788833981,0.5931658194282379,99.81958948724855
DP03,2026-02-28,42.19017708333334,98.78321527777777,0.5941854166666667,99.76215277777777,0.1284722222222222,0.027777777777777776,0.0,0.0,288,42.167328778688294,98.80227319118025,0.5936520819595661,99.80487822993862
DP03,2026-03-01,42.15470072992701,98.78986496350365,0.5907689781021898,99.87317518248175,0.05474452554744526,0.014598540145985401,0.0,0.0,274,42.171503686113184,98.7994051938405,0.5934797087525674,99.81164791292532
DP03,2026-03-02,42.1768560311284,98.79543968871596,0.5916848249027237,99.86381322957199,0.07003891050583658,0.019455252918287938,0.0038910505836575876,0.0,257,42.17420994574003,98.79945492036373,0.5936343020592815,99.82327226742254
DP03,2026-03-03,42.14490034364261,98.81049140893471,0.5924883161512027,99.81099656357388,0.12027491408934708,0.010309278350515464,0.0,0.0,291,42.172100633544666,98.7989829470911,0.5931123013924371,99.82004066972732
DP03,2026-03-04,42.14663424124513,98.82638521400779,0.5945630350194552,99.84046692607004,0.08171206225680934,0.019455252918287938,0.0,0.0,257,42.16650246392662,98.80102828378611,0.5931612553748083,99.82709716936998
DP03,2026-03-05,42.161744360902254,98.8149060150376,0.5942327067669173,99.87875939849624,0.08270676691729323,0.0037593984962406013,0.0037593984962406013,0.0,266,42.16274490158447,98.8064424635405,0.5933172308588853,99.83716607957989
DP03,2026-03-06,42.19520503597122,98.80228417266187,0.5910938848920863,99.88938848920863,0.06115107913669065,0.007194244604316547,0.0,0.0,278,42.16717397516428,98.80322667723419,0.5927167375001774,99.84553608102576
DP03,2026-03-07,42.1641106870229,98.7830610687023,0.5959671755725191,99.81011450381679,0.09541984732824428,0.015267175572519083,0.0,0.0,262,42.163450204262794,98.80320464736626,0.5929712744867277,99.85238775617418
DP03,2026-03-08,42.150874564459926,98.82585714285715,0.5944522648083623,99.81010452961672,0.0975609756097561,0.024390243902439025,0.003484320557491289,0.0,287,42.162903609196064,98.8083463872739,0.5934974583018953,99.84337766290776
DP03,2026-03-09,42.159522491349485,98.79484083044983,0.5943307958477508,99.8174740484429,0.11764705882352941,0.02422145328719723,0.0,0.0,289,42.16042738922765,98.80826083609303,0.5938754541511848,99.83675777988933
DP03,2026-03-10,42.16560416666667,98.80161111111111,0.5953961805555555,99.80555555555556,0.09722222222222222,0.017361111111111112,0.0,0.0,288,42.16338507823109,98.80699222211823,0.5942908633518067,99.83598049302955
DP03,2026-03-11,42.19180149812734,98.82384644194757,0.5947513108614232,99.87453183520599,0.06741573033707865,0.011235955056179775,0.0,0.0,267,42.169837543499966,98.80662954039533,0.5943177599006592,99.8408469086204
DP03,2026-03-12,42.14817465753425,98.81140410958905,0.5943143835616439,99.79880136986301,0.1095890410958904,0.017123287671232876,0.003424657534246575,0.0,292,42.1678990144474,98.80612926818841,0.5943294280141915,99.82942433310136
DP03,2026-03-13,42.15134576271187,98.80662033898305,0.5979427118644068,99.80338983050848,0.10508474576271186,0.023728813559322035,0.0,0.0,295,42.161633403981774,98.80674872052,0.5953078318673802,99.81713881042992
DP03,2026-03-14,42.16148122866894,98.79175767918089,0.592883276450512,99.79266211604096,0.09556313993174062,0.013651877133105802,0.0,0.0034129692832764505,293,42.16125776707407,98.80799109344551,0.5948672748499506,99.81464561217624
DP03,2026-03-15,42.14736226415094,98.79598490566039,0.5946841509433962,99.83207547169812,0.0830188679245283,0.022641509433962263,0.0,0.0,265,42.16075600988707,98.80372363098886,0.5949004014406698,99.81778431818785
DP03,2026-03-16,42.17170909090909,98.78508727272728,0.5989774545454545,99.80272727272727,0.08727272727272728,0.02909090909090909,0.0,0.0,275,42.1624969526813,98.80233026559992,0.595564209826056,99.81567763594276
DP03,2026-03-17,42.175085910652925,98.82498625429554,0.5912082474226804,99.78780068728523,0.09965635738831616,0.020618556701030927,0.0,0.0,291,42.163851487536476,98.80566957176912,0.5949659336642167,99.81314122618986
DP03,2026-03-18,42.1886644295302,98.79224161073826,0.5960208053691276,99.81711409395973,0.11073825503355705,0.010067114093959731,0.0,0.0,298,42.16340333487974,98.80115459588207,0.5951472900224601,99.80493869172611
DP03,2026-03-19,42.18821374045802,98.79081297709924,0.5923083969465649,99.85687022900764,0.08778625954198473,0.015267175572519083,0.0,0.0,262,42.16912320386886,98.79821300552638,0.5948607205060205,99.8132342430325
DP03,2026-03-20,42.17246212121212,98.806625,0.5952556818181819,99.83238636363636,0.08333333333333333,0.011363636363636364,0.0,0.0,264,42.172139826511746,98.79821367138594,0.5944768590708452,99.81737660490789
DP03,2026-03-21,42.182486206896556,98.80884137931034,0.5937855172413793,99.75344827586207,0.11724137931034483,0.020689655172413793,0.0034482758620689655,0.0,290,42.17514053768712,98.80065419997587,0.5946057506123977,99.8117746277395
DP03,2026-03-22,42.20333935018051,98.81180505415162,0.5971671480144405,99.81317689530685,0.10469314079422383,0.018050541516245487,0.0,0.0,277,42.183137264262776,98.80291422118889,0.5949604644796899,99.80907483111217
DP03,2026-03-23,42.17993798449613,98.823,0.595656976744186,99.76647286821705,0.12403100775193798,0.027131782945736434,0.0,0.0,258,42.184312820489495,98.808330325085,0.5944861105080801,99.80389563046785
DP03,2026-03-24,42.1471798561151,98.83065467625899,0.5901446043165468,99.8408273381295,0.07553956834532374,0.01079136690647482,0.0,0.0,278,42.1803262412698,98.8091400996512,0.5943341614929182,99.81147086630274
DP03,2026-03-25,42.15907849829352,98.78115017064846,0.5935163822525596,99.7320819112628,0.12627986348122866,0.023890784982935155,0.0,0.0,293,42.17609967966456,98.8075556082098,0.59397638676198,99.79932341163176
DP03,2026-03-26,42.135185314685316,98.81318531468531,0.5905902097902098,99.75874125874125,0.1048951048951049,0.024475524475524476,0.0,0.0,286,42.16852419026846,98.8107516564364,0.5937309314539291,99.78530498730798
DP03,2026-03-27,42.1605253164557,98.7805158227848,0.5956702531645569,99.76582278481013,0.12341772151898735,0.015822784810126583,0.0,0.0,316,42.16681893244612,98.80702177397708,0.5937901559319826,99.7757959046185
DP03,2026-03-28,42.176758865248225,98.77452482269504,0.5922758865248228,99.79609929078015,0.07801418439716312,0.03546099290780142,0.0,0.0,282,42.16600074078207,98.80211940874632,0.593574494401046,99.78188890674967
DP03,2026-03-29,42.18369454545454,98.79746545454546,0.5960541818181818,99.75181818181818,0.14181818181818182,0.025454545454545455,0.0,0.0,275,42.163194340106934,98.80007089451688,0.5934154992301519,99.77312337625129
DP03,2026-03-30,42.19155913978494,98.81364516129032,0.5919534050179212,99.87724014336918,0.06451612903225806,0.010752688172043012,0.0,0.0,279,42.16485450514819,98.79873448898692,0.5928864175549713,99.7889472727016
DP04,2026-01-01,42.009477611940305,98.7781828358209,0.5853809701492537,99.84981343283582,0.06343283582089553,0.018656716417910446,0.0037313432835820895,0.0,268,,,,
DP04,2026-01-02,41.98978859060403,98.79882885906041,0.5812077181208054,99.78859060402685,0.1040268456375839,0.030201342281879196,0.0,0.0,298,,,,
DP04,2026-01-03,42.017600628930815,98.78844339622641,0.5837619496855346,99.86713836477988,0.05660377358490566,0.018867924528301886,0.0031446540880503146,0.0,318,42.00562227715838,98.78848503036924,0.5834502126518646,99.8351808005475
DP04,2026-01-04,41.993719869706844,98.80381758957655,0.5835029315960912,99.80048859934854,0.0749185667752443,0.03257328990228013,0.0,0.0,307,42.002646675295495,98.79231817017107,0.5834633923879212,99.82650775024777
DP04,2026-01-05,41.98001153846154,98.82800384615385,0.5823907692307693,99.90384615384616,0.05384615384615385,0.011538461538461539,0.0,0.0,260,41.998119647928704,98.79945530536762,0.5832488677564909,99.84197543096745
DP04,2026-01-06,42.0039427480916,98.81030534351144,0.5846713740458015,99.8530534351145,0.08778625954198473,0.015267175572519083,0.0,0.0,262,41.99909016462252,98.80126364505827,0.5834859521380427,99.84382176499196
DP04,2026-01-07,42.017509225092255,98.79927675276753,0.5821900369003691,99.80719557195572,0.08487084870848709,0.025830258302583026,0.0,0.0,271,42.00172145897534,98.80097980330244,0.5833008213898035,99.83858945170107
DP04,2026-01-08,41.99755627009646,98.79105466237942,0.5856,99.83681672025723,0.07717041800643087,0.022508038585209004,0.003215434083601286,0.0,311,42.000018410140505,98.80281863566795,0.5833321113684816,99.83673277847554
DP04,2026-01-09,42.00181433224756,98.79756026058631,0.5808703583061889,99.85342019543974,0.05211726384364821,0.026058631921824105,0.0,0.0,307,42.00173637323244,98.80263740731449,0.5832839171092506,99.84599414867739
DP04,2026-01-10,41.99018631178707,98.77490494296578,0.5824285171102661,99.88498098859316,0.053231939163498096,0.015209125475285171,0.0,0.0,263,41.997820042211906,98.80070334256298,0.5830934267413551,99.84854309493643
DP04,2026-01-11,41.976853146853145,98.8040034965035,0.584248951048951,99.86975524475524,0.06293706293706294,0.017482517482517484,0.0,0.0,286,41.99541051037566,98.8007299006954,0.5832000009489066,99.85843832999454
DP04,2026-01-12,42.0024531835206,98.80709737827715,0.5826419475655431,99.88576779026218,0.04119850187265917,0.0149812734082397,0.0,0.0,267,41.99861645966981,98.79774326242729,0.58323588356816,99.8558557066254
DP04,2026-01-13,41.980479245283014,98.82639999999999,0.5824449056603774,99.87830188679246,0.04905660377358491,0.026415094339622643,0.0,0.0,265,41.995264530697156,98.80004249906851,0.5829178166559564,99.85946262829368
DP04,2026-01-14,41.98185873605948,98.77393680297398,0.5824319702602231,99.90148698884758,0.055762081784386616,0.007434944237918215,0.0,0.0,269,41.99017160369248,98.79642250624087,0.5829523785645071,99.87293283070679
DP04,2026-01-15,42.01485526315789,98.82761184210527,0.5845049342105263,99.84457236842105,0.06907894736842106,0.01644736842105263,0.0,0.0,304,41.99264288841554,98.80164496048742,0.5827959405945823,99.87404078044447
DP04,2026-01-16,41.985534482758624,98.80622068965518,0.5818062068965517,99.84224137931035,0.06551724137931035,0.02413793103448276,0.0,0.0,290,41.990317195631405,98.80288216464012,0.5829296332503484,99.87244380671173
DP04,2026-01-17,42.00477394636015,98.79438697318007,0.58827969348659,99.83716475095785,0.07279693486590039,0.02681992337164751,0.0,0.0,261,41.992401143427564,98.8056653118136,0.5837655155898233,99.86561291562097
DP04,2026-01-18,42.01306296296296,98.80481481481482,0.5833188888888889,99.89351851851852,0.05185185185185185,0.011111111111111112,0.0,0.0,270,41.99757397430039,98.8057812144295,0.5836326495669573,99.8690076690157
DP04,2026-01-19,41.97756630824373,98.79592114695342,0.58428458781362,99.83870967741936,0.07885304659498207,0.010752688172043012,0.0035842293906810036,0.0,279,41.994018706403686,98.80418460995467,0.5838673124595396,99.86228508146674
DP04,2026-01-20,41.997836177474404,98.78468941979523,0.5815310580204778,99.83532423208192,0.06484641638225255,0.023890784982935155,0.0,0.0,293,41.996498268145324,98.79822595563971,0.5837367627966968,99.85614541650808
DP04,2026-01-21,41.997675572519086,98.77123664122136,0.5813263358778626,99.87977099236642,0.05725190839694656,0.015267175572519083,0.0,0.0,262,41.998757816210976,98.79784021824649,0.5835788150277883,99.8530431312965
DP04,2026-01-22,42.001154882154886,98.79850841750842,0.58233468013468,99.8526936026936,0.0707070707070707,0.016835016835016835,0.0,0.0,297,41.99680061892484,98.79368258616122,0.5832687787312388,99.85420330762115
DP04,2026-01-23,42.000901754385964,98.81198245614036,0.5844077192982455,99.84210526315789,0.08070175438596491,0.021052631578947368,0.0,0.0,285,41.99899594344303,98.79450569565908,0.5836404233600521,99.85418386245651
DP04,2026-01-24,41.99764885496183,98.7857786259542,0.5813374045801526,99.84637404580153,0.04580152671755725,0.026717557251908396,0.0,0.0,262,41.99797807324327,98.79327593176968,0.5826486678019897,99.85549947600559
DP04,2026-01-25,41.97373037542662,98.81737542662117,0.5868716723549487,99.74829351535836,0.10238907849829351,0.04778156996587031,0.0,0.0,293,41.99235913216665,98.79507030488489,0.5831562082971411,99.83475304698274
DP04,2026-01-26,41.9871570881226,98.8102950191571,0.5858394636015326,99.83141762452107,0.09578544061302682,0.01532567049808429,0.0,0.0,261,41.99372924357791,98.7971237151997,0.5833783334096999,99.83371132514011
DP04,2026-01-27,42.00259398496241,98.80162781954887,0.5838736842105263,99.89943609022556,0.04887218045112782,0.018796992481203006,0.0,0.0,266,41.99440893036191,98.79954348659307,0.5837129942939926,99.84287016201777
DP04,2026-01-28,42.00231560283688,98.8046560283688,0.580890425531915,99.79521276595744,0.08865248226950355,0.03546099290780142,0.0,0.0,282,41.99507179183588,98.80431768475698,0.5836507213874287,99.83079041538792
DP04,2026-01-29,42.00463851351351,98.79717567567567,0.5828878378378378,99.79391891891892,0.08108108108108109,0.033783783783783786,0.0,0.0,296,41.99556945345854,98.80412729306659,0.5837297439164512,99.82239403199154
DP04,2026-01-30,41.99208178438662,98.78803345724907,0.582557249070632,99.85780669144981,0.04460966542750929,0.026022304832713755,0.0,0.0037174721189591076,269,41.99430945774435,98.8007060075107,0.5834653910267921,99.8246370931761
DP04,2026-01-31,41.973260563380286,98.79825352112677,0.5821566901408451,99.82394366197182,0.06338028169014084,0.02464788732394366,0.0,0.0,284,41.99082541608984,98.8024881353925,0.5835824318211769,99.82143275262901
DP04,2026-02-01,41.988027303754265,98.81140273037543,0.5805075085324232,99.83532423208192,0.06484641638225255,0.020477815699658702,0.0,0.0,293,41.99286783442237,98.80163489307166,0.582673265560816,99.83386571216093
DP04,2026-02-02,42.00253658536585,98.81422299651568,0.5832898954703832,99.78484320557492,0.10104529616724739,0.024390243902439025,0.0,0.0,287,41.99506490545712,98.80219603269434,0.5823090415420804,99.82721222374006
DP04,2026-02-03,41.99052413793103,98.82847586206897,0.58118,99.86120689655172,0.05172413793103448,0.027586206896551724,0.0,0.0,290,41.99334064159549,98.80603146734006,0.5819242295120052,99.82175091035808
DP04,2026-02-04,41.98660070671378,98.78475265017667,0.5822148409893992,99.81537102473499,0.0636042402826855,0.024734982332155476,0.0035335689045936395,0.0,283,41.99109565643505,98.80318812759833,0.5821134317202173,99.82463066161202
DP04,2026-02-05,42.000340350877195,98.83792982456141,0.5829049122807018,99.8482456140351,0.05964912280701754,0.021052631578947368,0.0,0.0,285,41.99048163320129,98.80901014886773,0.5821158709263407,99.83239161805717
DP04,2026-02-06,42.01,98.77274113475177,0.5825560283687943,99.82978723404256,0.0673758865248227,0.028368794326241134,0.0,0.0,282,41.993041378288915,98.8068255313681,0.5821156965403639,99.82838883842757
DP04,2026-02-07,42.0148255033557,98.7865,0.5831342281879195,99.89765100671141,0.050335570469798654,0.013422818791946308,0.0,0.0,298,41.99897922685683,98.80514645692142,0.5822553448328031,99.83891845910465
DP04,2026-02-08,41.98740067340067,98.79874747474747,0.5859555555555556,99.86111111111111,0.06060606060606061,0.020202020202020204,0.0,0.0,297,41.99888970823489,98.80333856326028,0.583033637264679,99.84260229896597
DP04,2026-02-09,42.02136996336996,98.7986923076923,0.5802472527472528,99.85622710622711,0.06227106227106227,0.02564102564102564,0.0,0.0,273,42.001580190806905,98.80111989342836,0.5825989740185176,99.85279999905913
DP04,2026-02-10,41.98509929078014,98.80255673758865,0.5820702127659575,99.85549645390071,0.07092198581560284,0.024822695035460994,0.0,0.0,282,42.0008052126425,98.79741716135975,0.5827261472707973,99.85198422153758
DP04,2026-02-11,41.98326460481099,98.80368041237114,0.5835168384879725,99.8926116838488,0.06872852233676977,0.01718213058419244,0.0,0.0,291,42.000328626656376,98.80012112738754,0.5829121469134506,99.86301860141099
DP04,2026-02-12,41.983176656151414,98.79578548895898,0.5834201892744479,99.85646687697161,0.05993690851735016,0.01892744479495268,0.0,0.0,317,41.99787667026698,98.79410050801575,0.5829857579125572,99.86419306754476
DP04,2026-02-13,41.99281099656357,98.81867010309278,0.5800649484536082,99.8127147766323,0.07216494845360824,0.024054982817869417,0.0,0.0,291,41.99542109834749,98.80066178920733,0.5826298893532449,99.86175414505759
DP04,2026-02-14,42.00305685618729,98.8008795986622,0.5834836120401338,99.88545150501672,0.056856187290969896,0.016722408026755852,0.0,0.0,299,41.99373986303772,98.80271601758766,0.5826798013321327,99.86001135910121
DP04,2026-02-15,42.004623333333335,98.78871666666667,0.5839663333333334,99.82583333333334,0.07666666666666666,0.03,0.0033333333333333335,0.0,300,41.9962002430281,98.80128304500467,0.582395626728958,99.8549716765615
DP04,2026-02-16,41.98304511278195,98.81786842105264,0.5857759398496241,99.82424812030075,0.08270676691729323,0.03383458646616541,0.0,0.0,266,41.99072526437267,98.80402248977045,0.5831854391721539,99.85040325000061
DP04,2026-02-17,41.99383164983165,98.81523905723905,0.5857141414141414,99.87289562289563,0.06060606060606061,0.020202020202020204,0.0,0.0,297,41.991972744237174,98.8058342497205,0.5837060004076087,99.85288884557131
DP04,2026-02-18,41.991306049822064,98.79548754448399,0.5842505338078291,99.80604982206405,0.08896797153024912,0.021352313167259787,0.0,0.0,281,41.9931215220959,98.80466384002234,0.5838108140247311,99.84052286531633
DP04,2026-02-19,41.9719587628866,98.81671134020618,0.5841979381443299,99.83676975945018,0.07903780068728522,0.020618556701030927,0.0,0.0,291,41.991518965915205,98.80765324734337,0.5839219210061428,99.83770899138472
DP04,2026-02-20,42.004884105960265,98.80431456953642,0.5831132450331126,99.83443708609272,0.08940397350993377,0.019867549668874173,0.0,0.0,302,41.99324369582903,98.80560245683532,0.584357391946072,99.84081217845048
DP04,2026-02-21,41.99574333333333,98.80432333333333,0.5851693333333333,99.8675,0.07333333333333333,0.013333333333333334,0.0,0.0,300,41.992198906849886,98.80609441893118,0.5845982092736719,99.8382476777338
DP04,2026-02-22,41.98918390804597,98.80338314176245,0.5887816091954022,99.76149425287356,0.1111111111111111,0.03065134099616858,0.0038314176245210726,0.0,261,41.98999327466597,98.80818962965915,0.5852861058253961,99.82905638052527
DP04,2026-02-23,41.97726335877862,98.80285114503818,0.5869076335877863,99.82729007633588,0.08396946564885496,0.022900763358778626,0.0,0.0,262,41.98916730980836,98.80604430451422,0.5854477763594191,99.82949094567314
DP04,2026-02-24,41.99165399239544,98.79825095057033,0.5865041825095056,99.73764258555133,0.11026615969581749,0.04182509505703422,0.0038022813688212928,0.0,263,41.9888562158889,98.80361743213298,0.5855606393730427,99.81016908319539
DP04,2026-02-25,41.998456140350875,98.79102105263158,0.5873385964912281,99.85350877192982,0.05263157894736842,0.03859649122807018,0.0,0.0,285,41.989877657393016,98.80297936186834,0.5860017911849569,99.81694893317622
DP04,2026-02-26,42.0059446366782,98.80487889273357,0.5887062283737025,99.85467128027682,0.06228373702422145,0.020761245674740483,0.0,0.0,289,41.99473278222039,98.80128901222942,0.5866458326462958,99.81950629329431
DP04,2026-02-27,42.00083911671924,98.81122397476341,0.590973501577287,99.82570977917982,0.07255520504731862,0.015772870662460567,0.0031545741324921135,0.0,317,41.99415492661452,98.80227607011898,0.5877687264383207,99.81825953516389
DP04,2026-02-28,41.98449826989619,98.81039792387544,0.5870020761245675,99.76384083044982,0.10034602076124567,0.03460207612456748,0.0,0.0,289,41.99254848898065,98.80314386876785,0.5880305468370685,99.80345108237101
DP04,2026-03-01,41.977930402930404,98.78175091575092,0.5894919413919414,99.81318681318682,0.08424908424908426,0.02564102564102564,0.003663003663003663,0.0,273,41.99094084539271,98.80005355076621,0.5881320228651454,99.81083573384434
DP04,2026-03-02,42.01380743243243,98.81198986486486,0.5889908783783784,99.72128378378379,0.09797297297297297,0.05067567567567568,0.0,0.0,296,41.99616142734326,98.80135908217002,0.5884296292638015,99.79569197776547
DP04,2026-03-03,41.984568702290076,98.82090839694656,0.5916221374045801,99.72709923664122,0.07633587786259542,0.04961832061068702,0.0,0.0,262,41.99514924304249,98.80459586022377,0.5891607656773835,99.79418578506402
DP04,2026-03-04,41.964057823129245,98.80122108843538,0.5883622448979592,99.72448979591837,0.10884353741496598,0.047619047619047616,0.0,0.0,294,41.99023519772511,98.80605300819573,0.5893070011640594,99.77575450277666
DP04,2026-03-05,42.00217218543047,98.81345695364239,0.5846165562913908,99.7706953642384,0.076158940397351,0.029801324503311258,0.0033112582781456954,0.0,302,41.989696276118295,98.80727844546843,0.5887227622951577,99.76375794334261
DP04,2026-03-06,41.99535632183908,98.79378927203065,0.5918685823754789,99.76436781609195,0.0842911877394636,0.03065134099616858,0.0,0.0,261,41.98891301970684,98.80478777364945,0.5888506309806137,99.75499480575863
DP04,2026-03-07,41.97607619047619,98.80343492063491,0.5912907936507936,99.73492063492064,0.10476190476190476,0.03492063492063492,0.006349206349206349,0.0,315,41.98770986550398,98.80379305890082,0.5894633049129318,99.75086334925446
DP04,2026-03-08,42.005415094339625,98.80529559748427,0.5898575471698113,99.69732704402516,0.1069182389937107,0.05345911949685535,0.0,0.0,318,41.99163624999102,98.80715658486271,0.5895155343097703,99.73431195365993
DP04,2026-03-09,42.01623484848485,98.81754924242423,0.5882435606060606,99.68181818181819,0.09848484848484848,0.05303030303030303,0.0,0.0,264,41.99198302371279,98.80795078165693,0.5894087746280107,99.728674010522
DP04,2026-03-10,42.00872664359862,98.81890657439446,0.5877916955017302,99.70588235294117,0.08996539792387544,0.058823529411764705,0.0,0.0,289,41.99543415818544,98.80766480700662,0.5888615686418893,99.72564302713626
DP04,2026-03-11,41.97878200692042,98.80012456747406,0.5880083044982699,99.51989619377163,0.09688581314878893,0.09688581314878893,0.0,0.0,289,41.99753761301275,98.80750816115501,0.588811005727648,99.69641536968673
DP04,2026-03-12,41.96816226415094,98.81617358490566,0.5898071698113208,99.65754716981132,0.09811320754716982,0.05660377358490566,0.0,0.0,265,41.992679052829956,98.80789625133546,0.5895525219447808,99.68025134191143
DP04,2026-03-13,41.99082206405694,98.80261921708185,0.5889871886120996,99.56583629893238,0.1387900355871886,0.06761565836298933,0.0,0.0,281,41.99203130171823,98.80915767205705,0.5891408942642979,99.65188969660292
DP04,2026-03-14,42.02469155844156,98.80288636363636,0.5876431818181819,99.66883116883118,0.10714285714285714,0.06168831168831169,0.0,0.0,308,41.99897635428471,98.80907930677155,0.5886198068596391,99.64244834430444
DP04,2026-03-15,42.030486013986014,98.7828111888112,0.5896573426573426,99.61800699300699,0.11538461538461539,0.06643356643356643,0.0,0.0,286,42.002557914234195,98.8058672483897,0.5885912062150008,99.6311169084447
DP04,2026-03-16,41.989992248062016,98.79927131782945,0.5926968992248062,99.60271317829458,0.10465116279069768,0.07364341085271318,0.0,0.0,258,41.99880897131664,98.80325611630471,0.5892273974462502,99.61981619365561
DP04,2026-03-17,42.013216783216784,98.78484615384616,0.5902087412587412,99.63286713286713,0.11888111888111888,0.05244755244755245,0.0,0.0,286,41.99945041983352,98.79839034194067,0.5895726896972517,99.60938544793075
DP04,2026-03-18,42.01359219858156,98.76529787234043,0.5888340425531915,99.79432624113475,0.0851063829787234,0.031914893617021274,0.0,0.0,282,42.00442330435654,98.79341509977873,0.5896906522765263,99.6485897404112
DP04,2026-03-19,42.02397173144876,98.7958374558304,0.5905484098939929,99.65724381625442,0.08480565371024736,0.06713780918727916,0.0,0.0,283,42.01239608539909,98.79050993848226,0.5897965437169079,99.64854640418878
DP04,2026-03-20,42.005410169491526,98.80544745762712,0.5865708474576271,99.63050847457627,0.10508474576271186,0.0576271186440678,0.0,0.0,295,42.01448010046118,98.79091397284587,0.5894513521234118,99.65778528642363
DP04,2026-03-21,41.98816607773851,98.80359717314488,0.5844678445229682,99.70141342756183,0.08833922261484099,0.05653710247349823,0.0,0.0,283,42.00926217464645,98.79101551706138,0.5889977325098099,99.6624398948137
DP04,2026-03-22,41.99674822695036,98.78582978723404,0.5877929078014185,99.5,0.12056737588652482,0.08865248226950355,0.0035460992907801418,0.0,282,42.00444249078422,98.79144674540748,0.5887313846732495,99.64558175295556
DP04,2026-03-23,41.969159169550174,98.7816124567474,0.5877477508650519,99.74740484429066,0.06920415224913495,0.058823529411764705,0.0,0.0,289,42.0014663367111,98.78892405096721,0.5880243634789988,99.66625199095502
DP04,2026-03-24,42.01289752650177,98.7830706713781,0.588578445229682,99.73586572438163,0.0706713780918728,0.05653710247349823,0.0,0.0,283,42.00142072860895,98.78867041061463,0.587791464046276,99.68096607545708
DP04,2026-03-25,41.977083870967746,98.79488387096774,0.5885116129032258,99.70403225806452,0.1064516129032258,0.054838709677419356,0.0,0.0,310,41.996205253235544,98.7928969818471,0.5877454026677096,99.66806693501849
DP04,2026-03-26,41.997662162162165,98.78878378378378,0.5879202702702703,99.67567567567568,0.10135135135135136,0.05405405405405406,0.0,0.0,296,41.99244674333746,98.79188931441186,0.5873699541500349,99.67070005779294
DP04,2026-03-27,42.027581939799326,98.7893745819398,0.5898765886287625,99.49832775919732,0.13043478260869565,0.07692307692307693,0.0,0.0,299,41.99561413909572,98.78959318931368,0.5878422028887684,99.65181709845308
DP04,2026-03-28,41.98393379790941,98.80906968641115,0.5869700348432055,99.67857142857143,0.08710801393728224,0.06968641114982578,0.0,0.0,287,41.99500952769157,98.79037497692313,0.5881996586488024,99.64855395574018
DP04,2026-03-29,42.00107272727273,98.81272,0.5903214545454546,99.52909090909091,0.14909090909090908,0.07636363636363637,0.0,0.0,275,41.995627313451905,98.79421643588971,0.588560879612236,99.65270979989602
DP04,2026-03-30,42.02593493150685,98.80851712328767,0.5877147260273973,99.78510273972603,0.07191780821917808,0.0547945205479452,0.0,0.0,292,42.003738136588574,98.79805995968117,0.5885561617782854,99.65809521352965
