column,lag_window_strips,n_defect,n_normal,cliffs_delta_concurrent,p_concurrent,cliffs_delta_lagged,p_lagged,n_defect_lagged,signal_retention_ratio,p_lagged_fdr,lagged_significant,interpretation
CLN_Pressure,5,2332,97668,-0.5427964392058482,0.0,-0.03175707011456608,0.008663464194522184,2332,0.05850640833427177,0.06873864650250384,False,선행신호 소멸 — 결과 공변(동반증상) 해석 지지
CLN_Pressure,20,2332,97668,-0.5427964392058482,0.0,-0.013480468549324498,0.26515103949054875,2332,0.024835219201230267,0.5843941512518858,False,선행신호 소멸 — 결과 공변(동반증상) 해석 지지
CLN_Pressure,50,2332,97668,-0.5427964392058482,0.0,-0.022216738417580872,0.06635120927631996,2331,0.04093014768130319,0.19905362782895988,False,선행신호 소멸 — 결과 공변(동반증상) 해석 지지
CLN_Time,5,2332,97668,-0.006362094752896508,0.5989614423727887,-0.029346369466328515,0.015275254778334186,2332,4.6126897831830975,0.06873864650250384,False,선행신호 약함 — 판단 보류
CLN_Time,20,2332,97668,-0.006362094752896508,0.5989614423727887,-0.010392961879099882,0.390293823963509,2332,1.6335754626050198,0.5854407359452635,False,선행신호 약함 — 판단 보류
CLN_Time,50,2332,97668,-0.006362094752896508,0.5989614423727887,-0.005729621724456124,0.6358499631087279,2331,0.9005872982082774,0.7153312084973189,False,선행신호 약함 — 판단 보류
Coating_Thickness,5,2332,97668,-0.2789566191299808,1.2020661117886335e-117,0.007086668982352773,0.5580182959404709,2332,0.025404197270725862,0.7153312084973189,False,선행신호 소멸 — 결과 공변(동반증상) 해석 지지
Coating_Thickness,20,2332,97668,-0.2789566191299808,1.2020661117886335e-117,0.01191528054017632,0.32466341736215876,2332,0.04271374014116637,0.5843941512518858,False,선행신호 소멸 — 결과 공변(동반증상) 해석 지지
Coating_Thickness,50,2332,97668,-0.2789566191299808,1.2020661117886335e-117,-0.0019370642929354975,0.8728155157925022,2331,0.00694396246619592,0.8728155157925022,False,선행신호 소멸 — 결과 공변(동반증상) 해석 지지
